seasonType,year,league,teamId,athleteId,appearances_value,subIns_value,foulsCommitted_value,foulsSuffered_value,yellowCards_value,redCards_value,ownGoals_value,goalAssists_value,offsides_value,shotsOnTarget_value,totalShots_value,totalGoals_value,shotsFaced_value,saves_value,goalsConceded_value,timestamp
12654,2024,ENG.1,368,4946,14,3,8,0,5,0,0,0,4,3,9,3,0,8,20,2025-06-18 04:50:57
12654,2024,ENG.1,367,6327,17,3,17,7,5,0,0,0,3,1,5,0,0,20,23,2025-06-18 04:51:02
12654,2024,ENG.1,349,7441,5,0,0,1,0,0,0,0,0,0,0,0,77,20,5,2025-01-30 14:42:57
12654,2024,ENG.1,373,9426,23,9,26,6,4,1,0,2,1,3,6,1,0,5,38,2025-06-18 04:50:58
12654,2024,ENG.1,331,17828,14,3,7,2,1,0,0,0,2,1,5,0,0,9,11,2025-06-18 04:50:56
12654,2024,ENG.1,375,17861,2,1,0,0,0,0,0,0,0,0,0,0,5,4,6,2025-06-18 04:50:59
12654,2024,ENG.1,331,20975,12,10,3,7,0,0,0,0,0,10,19,0,0,0,4,2025-01-23 05:30:56
12654,2024,ENG.1,373,20975,25,11,11,28,3,0,0,3,1,21,50,2,0,1,21,2025-06-18 04:50:58
12654,2024,ENG.1,331,26843,4,1,3,1,1,0,0,0,0,0,2,0,0,2,1,2025-06-18 04:50:56
12654,2024,ENG.1,393,30377,15,4,12,6,2,0,0,1,5,0,5,0,0,5,16,2025-06-18 04:51:01
12654,2024,ENG.1,368,31810,32,13,29,22,7,1,0,3,6,1,5,1,0,4,23,2025-06-18 04:50:57
12654,2024,ENG.1,382,37557,0,0,0,0,0,0,0,0,0,0,0,0,0,0,0,2025-06-18 04:51:00
12654,2024,ENG.1,301,41311,0,0,0,0,0,0,0,0,0,0,0,0,0,0,0,2024-07-13 02:49:17
12654,2024,ENG.1,360,42250,0,0,0,0,0,0,0,0,0,0,0,0,0,0,0,2025-06-18 04:51:00
12654,2024,ENG.1,361,42359,0,0,0,0,0,0,0,0,0,0,0,0,0,0,0,2025-06-18 04:51:01
12654,2024,ENG.1,380,43575,30,5,17,11,6,0,1,1,4,4,11,2,0,15,35,2025-06-18 04:51:03
12654,2024,ENG.1,398,45548,0,0,0,0,0,0,0,0,0,0,0,0,0,0,0,2024-07-13 02:49:24
12654,2024,ENG.1,361,48128,9,8,1,3,0,0,0,0,1,2,5,0,0,0,3,2025-01-31 14:42:48
12654,2024,ENG.1,349,72487,29,20,11,18,3,0,0,0,0,12,25,2,0,2,12,2025-06-18 04:50:54
12654,2024,ENG.1,371,77403,14,1,2,1,2,0,0,0,1,0,0,0,171,50,21,2025-06-18 04:51:03
12654,2024,ENG.1,380,78836,10,9,2,1,2,0,0,0,0,0,3,0,0,0,9,2025-06-18 04:51:03
12654,2024,ENG.1,360,83176,7,4,5,6,1,0,0,0,0,1,2,0,0,1,2,2025-06-18 04:51:00
12654,2024,ENG.1,393,83526,0,0,0,0,0,0,0,0,0,0,0,0,0,0,0,2025-06-18 04:51:01
12654,2024,ENG.1,301,85285,0,0,0,0,0,0,0,0,0,0,0,0,0,0,0,2024-07-13 02:49:17
12654,2024,ENG.1,376,85472,14,9,7,8,4,0,0,2,1,0,3,0,0,2,8,2025-06-18 04:51:02
12654,2024,ENG.1,359,88274,0,0,0,0,0,0,0,0,0,0,0,0,0,0,0,2025-06-18 04:50:54
12654,2024,ENG.1,379,91481,4,4,4,1,0,0,0,0,0,0,0,0,0,0,1,2024-07-13 02:49:22
12654,2024,ENG.1,398,92884,8,5,3,3,1,0,0,0,0,0,2,0,0,4,6,2024-07-13 02:49:24
12654,2024,ENG.1,368,92885,0,0,0,0,0,0,0,0,0,0,0,0,0,0,0,2025-06-18 04:50:57
12654,2024,ENG.1,367,93193,7,0,0,0,0,0,0,0,1,0,0,0,87,29,15,2025-06-18 04:51:02
12654,2024,ENG.1,349,93435,29,2,42,31,9,0,0,3,6,12,32,2,0,11,28,2025-06-18 04:50:54
12654,2024,ENG.1,367,96970,18,0,14,12,3,0,0,1,2,7,16,1,0,3,21,2025-06-18 04:51:02
12654,2024,ENG.1,379,100918,21,14,17,6,0,0,0,1,0,8,21,2,0,1,16,2024-07-13 02:49:22
12654,2024,ENG.1,364,102053,9,3,2,3,1,0,0,0,1,2,4,0,0,6,8,2025-06-18 04:50:59
12654,2024,ENG.1,349,102368,31,3,35,53,1,1,0,1,2,30,73,10,0,3,30,2025-06-18 04:50:54
12654,2024,ENG.1,364,104943,33,4,10,8,3,1,1,1,7,3,17,0,0,4,32,2025-06-18 04:50:59
12654,2024,ENG.1,361,106139,27,3,9,21,3,0,0,4,5,2,12,0,0,19,31,2025-06-18 04:51:01
12654,2024,ENG.1,376,107542,5,0,0,1,0,0,0,0,1,0,0,0,74,24,13,2025-06-18 04:51:02
12654,2024,ENG.1,363,108662,32,0,2,4,5,0,0,0,7,0,0,0,288,95,34,2025-06-18 04:50:56
12654,2024,ENG.1,331,111114,2,0,0,1,0,0,0,0,0,0,0,0,17,3,1,2025-06-18 04:50:56
12654,2024,ENG.1,331,115271,30,6,9,23,5,0,0,4,1,21,60,10,0,4,36,2025-06-18 04:50:56
12654,2024,ENG.1,371,121473,18,8,4,2,3,0,0,0,1,0,6,0,0,4,7,2025-06-18 04:51:03
12654,2024,ENG.1,349,122268,25,6,19,12,7,0,0,0,1,0,3,0,0,5,18,2025-06-18 04:50:54
12654,2024,ENG.1,375,123518,31,12,31,59,6,0,0,0,1,8,33,5,0,1,40,2025-06-18 04:50:59
12654,2024,ENG.1,384,123518,1,1,1,0,1,0,0,0,0,0,1,0,0,0,1,2024-08-24 04:55:47
12654,2024,ENG.1,360,124091,36,1,30,40,4,2,0,11,12,28,94,8,0,6,46,2025-06-18 04:51:00
12654,2024,ENG.1,361,126703,10,0,0,1,0,0,0,0,1,0,0,0,98,29,12,2025-06-18 04:51:01
12654,2024,ENG.1,384,127865,13,8,2,2,1,0,0,0,2,0,2,0,0,2,10,2025-06-18 04:50:57
12654,2024,ENG.1,382,129358,15,6,6,5,3,0,0,0,0,2,5,0,0,4,21,2025-01-26 05:33:40
12654,2024,ENG.1,371,129737,14,3,9,7,1,0,0,1,2,4,19,1,0,0,17,2025-06-18 04:51:03
12654,2024,ENG.1,382,131424,33,8,15,27,1,0,0,6,5,7,27,1,0,0,28,2025-06-18 04:51:00
12654,2024,ENG.1,368,131639,5,2,0,1,1,0,0,0,1,1,1,0,0,3,4,2025-06-18 04:50:57
12654,2024,ENG.1,301,132432,27,13,12,12,1,0,0,3,2,7,20,1,0,0,23,2024-07-13 02:49:17
12654,2024,ENG.1,398,133588,24,10,7,9,3,0,1,2,5,1,5,0,0,2,37,2024-07-13 02:49:24
12654,2024,ENG.1,380,133938,15,5,6,5,2,0,2,0,1,3,7,0,0,11,23,2025-06-18 04:51:03
12654,2024,ENG.1,393,134190,36,1,25,24,1,0,0,3,6,34,67,20,0,7,37,2025-06-18 04:51:01
12654,2024,ENG.1,379,134205,26,14,9,20,2,0,0,3,2,6,15,1,0,0,27,2024-07-13 02:49:22
12654,2024,ENG.1,301,134909,38,0,0,3,3,0,0,0,5,0,0,0,554,148,81,2024-07-13 02:49:17
12654,2024,ENG.1,382,134947,28,9,16,18,2,0,0,7,5,14,57,4,0,0,18,2025-06-18 04:51:00
12654,2024,ENG.1,384,136571,2,1,4,0,1,0,0,0,0,0,0,0,0,0,2,2025-06-18 04:50:57
12654,2024,ENG.1,337,138159,7,5,5,0,2,0,0,0,0,0,0,0,0,3,4,2025-06-18 04:50:55
12654,2024,ENG.1,349,138398,2,0,0,2,0,0,0,0,1,0,0,0,25,11,2,2024-08-30 04:58:38
12654,2024,ENG.1,359,138398,2,0,0,2,0,0,0,0,1,0,0,0,25,11,2,2025-06-18 04:50:54
12654,2024,ENG.1,301,138507,17,15,6,7,1,0,0,1,0,4,7,2,0,1,7,2024-07-13 02:49:17
12654,2024,ENG.1,376,138821,8,5,2,3,1,0,0,0,1,0,0,0,0,3,12,2025-06-18 04:51:02
12654,2024,ENG.1,379,138821,28,3,19,16,8,0,0,1,7,1,10,1,0,11,43,2024-07-13 02:49:22
12654,2024,ENG.1,373,138879,33,2,45,27,10,0,1,1,5,4,14,1,0,13,65,2025-06-18 04:50:58
12654,2024,ENG.1,361,138924,18,16,4,1,1,0,0,0,1,1,6,0,0,0,7,2025-06-18 04:51:01
12654,2024,ENG.1,373,139744,32,28,16,5,4,0,0,0,0,4,18,1,0,3,22,2025-06-18 04:50:58
12654,2024,ENG.1,370,140033,25,22,7,19,3,1,0,0,0,4,11,2,0,1,12,2025-06-18 04:50:58
12654,2024,ENG.1,301,141147,1,1,0,0,0,0,0,0,0,0,0,0,0,2,0,2024-07-13 02:49:17
12654,2024,ENG.1,370,141188,8,7,3,2,0,0,0,0,0,0,3,0,0,0,0,2025-06-18 04:50:58
12654,2024,ENG.1,371,141706,15,14,0,2,0,0,0,2,1,5,13,1,0,0,4,2025-06-18 04:51:03
12654,2024,ENG.1,375,142055,23,14,9,9,2,0,0,2,0,3,8,1,0,1,15,2025-06-18 04:50:59
12654,2024,ENG.1,380,143007,2,0,0,0,0,0,0,0,0,0,0,0,22,8,4,2025-06-18 04:51:03
12654,2024,ENG.1,398,143378,27,11,15,9,8,0,0,0,2,6,14,1,0,9,45,2024-07-13 02:49:24
12654,2024,ENG.1,361,143637,25,11,16,11,1,0,0,3,3,0,4,0,0,3,17,2025-06-18 04:51:01
12654,2024,ENG.1,360,144130,23,12,8,3,4,0,0,2,1,1,15,1,0,4,16,2025-06-18 04:51:00
12654,2024,ENG.1,368,144517,37,2,55,46,9,0,0,3,7,4,24,0,0,9,39,2025-06-18 04:50:57
12654,2024,ENG.1,379,146091,12,12,4,2,1,0,0,0,2,0,0,0,0,0,5,2024-07-13 02:49:22
12654,2024,ENG.1,398,146566,13,2,19,14,4,0,0,1,2,0,1,0,0,8,19,2024-07-13 02:49:24
12654,2024,ENG.1,384,146679,37,0,53,20,10,0,0,5,8,13,33,4,0,7,43,2025-06-18 04:50:57
12654,2024,ENG.1,331,147106,25,2,7,11,5,0,1,0,4,4,12,0,0,19,40,2025-06-18 04:50:56
12654,2024,ENG.1,398,147255,34,3,18,16,10,0,2,2,5,7,14,1,0,35,78,2024-07-13 02:49:24
12654,2024,ENG.1,380,148515,1,1,0,0,0,0,0,0,0,0,0,0,0,0,0,2025-06-18 04:51:03
12654,2024,ENG.1,371,148987,26,1,0,0,0,0,1,0,4,1,1,0,311,83,38,2025-06-18 04:51:03
12654,2024,ENG.1,367,149945,30,6,6,28,1,0,0,9,2,25,55,7,0,2,33,2025-06-18 04:51:02
12654,2024,ENG.1,382,151855,13,1,1,2,1,0,0,0,1,0,0,0,132,34,17,2025-06-18 04:51:00
12654,2024,ENG.1,393,152349,6,5,1,0,1,0,0,0,0,1,1,0,0,2,1,2025-06-18 04:51:01
12654,2024,ENG.1,301,152469,32,2,25,40,6,0,0,4,6,18,67,5,0,9,62,2024-07-13 02:49:17
12654,2024,ENG.1,362,152469,20,17,9,3,3,0,0,1,1,5,16,3,0,3,10,2025-06-18 04:50:55
12654,2024,ENG.1,376,152475,19,2,13,4,2,2,0,0,1,2,5,1,0,13,31,2025-06-18 04:51:02
12654,2024,ENG.1,364,152479,20,19,15,7,0,0,0,0,0,0,0,0,0,1,3,2025-06-18 04:50:59
12654,2024,ENG.1,376,153012,8,4,1,4,0,1,0,0,1,1,1,0,0,1,12,2025-06-18 04:51:02
12654,2024,ENG.1,301,153570,24,22,8,4,2,0,0,1,1,3,16,1,0,1,11,2024-07-13 02:49:17
12654,2024,ENG.1,370,153765,38,0,0,4,5,0,0,1,1,0,0,0,356,113,52,2025-06-18 04:50:58
12654,2024,ENG.1,380,154514,23,16,16,16,3,0,0,2,7,7,16,3,0,0,17,2025-06-18 04:51:03
12654,2024,ENG.1,382,154595,31,6,23,26,5,1,0,2,4,9,40,6,0,0,28,2025-06-18 04:51:00
12654,2024,ENG.1,375,155211,18,2,12,4,5,0,1,0,1,3,4,0,0,14,33,2025-06-18 04:50:59
12654,2024,ENG.1,368,155226,33,0,35,28,6,0,0,1,9,4,15,1,0,41,38,2025-06-18 04:50:57
12654,2024,ENG.1,375,156365,22,3,7,2,3,0,0,0,4,2,2,1,0,24,42,2025-06-18 04:50:59
12654,2024,ENG.1,359,156366,17,10,11,8,1,0,0,2,2,0,11,0,0,0,4,2025-06-18 04:50:54
12654,2024,ENG.1,363,156366,2,2,0,0,0,0,0,0,0,0,0,0,0,0,0,2024-10-02 02:47:03
12654,2024,ENG.1,367,156799,15,11,7,13,2,0,0,1,0,7,18,4,0,1,8,2025-06-18 04:51:02
12654,2024,ENG.1,361,156867,0,0,0,0,0,0,0,0,0,0,0,0,0,0,0,2025-06-18 04:51:01
12654,2024,ENG.1,360,157073,27,8,18,11,7,0,0,0,5,6,16,1,0,13,27,2025-06-18 04:51:00
12654,2024,ENG.1,371,157236,0,0,0,0,0,0,0,0,0,0,0,0,0,0,0,2025-06-18 04:51:03
12654,2024,ENG.1,398,157236,30,1,0,12,2,0,1,0,9,1,1,0,438,136,74,2024-07-13 02:49:24
12654,2024,ENG.1,301,157473,23,9,12,26,4,0,0,1,2,3,16,1,0,3,39,2024-07-13 02:49:17
12654,2024,ENG.1,364,157892,37,0,16,13,5,0,0,1,2,7,27,3,0,18,36,2025-06-18 04:50:59
12654,2024,ENG.1,382,157974,11,5,2,2,1,0,0,0,1,2,2,2,0,3,11,2025-06-18 04:51:00
12654,2024,ENG.1,362,158626,37,0,2,6,5,1,0,0,7,0,0,0,358,101,45,2025-06-18 04:50:55
12654,2024,ENG.1,371,159051,31,5,24,13,5,0,0,1,3,5,15,2,0,8,40,2025-06-18 04:51:03
12654,2024,ENG.1,361,159135,0,0,0,0,0,0,0,0,0,0,0,0,0,0,0,2025-06-18 04:51:01
12654,2024,ENG.1,382,159248,10,2,2,0,0,0,0,0,2,0,3,0,0,2,11,2025-06-18 04:51:00
12654,2024,ENG.1,368,159443,38,0,0,7,7,0,0,1,9,0,0,0,406,121,44,2025-06-18 04:50:57
12654,2024,ENG.1,362,160115,32,4,20,16,4,0,0,4,2,2,12,0,0,4,37,2025-06-18 04:50:55
12654,2024,ENG.1,361,161715,28,0,2,5,2,0,0,0,0,0,0,0,313,88,33,2025-06-18 04:51:01
12654,2024,ENG.1,380,162338,7,0,0,0,0,0,0,0,1,0,0,0,78,23,16,2025-06-18 04:51:03
12654,2024,ENG.1,384,162338,0,0,0,0,0,0,0,0,0,0,0,0,0,0,0,2024-08-30 04:58:42
12654,2024,ENG.1,362,162843,34,7,42,69,7,0,0,4,1,5,31,1,0,2,34,2025-06-18 04:50:55
12654,2024,ENG.1,371,163111,24,7,15,6,3,1,0,2,2,5,15,1,0,5,18,2025-06-18 04:51:03
12654,2024,ENG.1,393,163111,10,5,6,2,1,1,0,1,1,0,2,0,0,2,8,2025-02-04 05:29:19
12654,2024,ENG.1,373,165266,11,9,1,2,0,0,0,0,1,0,0,0,0,2,6,2025-06-18 04:50:58
12654,2024,ENG.1,375,165648,35,0,24,23,5,0,0,4,7,22,55,9,0,5,66,2025-06-18 04:50:59
12654,2024,ENG.1,359,165778,15,6,14,17,5,0,0,0,0,0,2,0,0,0,7,2025-06-18 04:50:54
12654,2024,ENG.1,370,167060,38,8,39,42,4,0,0,3,2,32,95,12,0,5,36,2025-06-18 04:50:58
12654,2024,ENG.1,360,167127,7,3,3,1,1,0,1,0,0,1,2,0,0,1,4,2025-06-18 04:51:00
12654,2024,ENG.1,373,168309,6,3,2,4,1,0,0,1,1,0,1,0,0,6,6,2025-06-18 04:50:58
12654,2024,ENG.1,384,168421,33,9,64,31,11,0,0,3,8,1,20,0,0,14,29,2025-06-18 04:50:57
12654,2024,ENG.1,398,168424,6,0,5,1,2,0,0,0,2,1,2,0,0,6,17,2024-07-13 02:49:24
12654,2024,ENG.1,301,168695,14,0,15,10,4,0,1,1,1,2,8,1,0,13,22,2024-07-13 02:49:17
12654,2024,ENG.1,373,168746,7,0,0,1,0,0,0,0,0,0,0,0,79,20,19,2025-06-18 04:50:58
12654,2024,ENG.1,301,169338,27,16,9,14,1,0,0,0,2,1,10,0,0,7,27,2024-07-13 02:49:17
12654,2024,ENG.1,349,169532,31,0,2,6,3,0,0,0,4,0,1,0,325,97,39,2025-06-18 04:50:54
12654,2024,ENG.1,371,170257,18,12,21,6,2,0,0,2,2,7,16,3,0,0,17,2025-06-18 04:51:03
12654,2024,ENG.1,331,170597,21,2,22,44,5,0,0,0,3,0,6,0,0,7,23,2025-06-18 04:50:56
12654,2024,ENG.1,375,171144,10,6,6,8,1,0,0,0,1,1,2,0,0,3,8,2025-06-18 04:50:59
12654,2024,ENG.1,393,172833,4,3,1,0,1,0,0,0,0,0,1,0,0,2,2,2025-06-18 04:51:01
12654,2024,ENG.1,361,172836,35,4,11,15,4,0,0,12,8,14,41,8,0,1,31,2025-06-18 04:51:01
12654,2024,ENG.1,382,172850,20,13,5,25,3,0,0,1,0,5,14,1,0,2,9,2025-06-18 04:51:00
12654,2024,ENG.1,361,172922,12,10,5,2,2,0,0,0,0,0,1,0,0,4,1,2025-06-18 04:51:01
12654,2024,ENG.1,360,173666,24,6,20,19,5,0,0,0,7,10,34,1,0,10,20,2025-06-18 04:51:00
12654,2024,ENG.1,364,173896,38,0,23,39,1,0,0,18,6,56,124,29,0,0,39,2025-06-18 04:50:59
12654,2024,ENG.1,359,174980,38,10,25,46,3,1,0,7,9,20,69,8,0,0,27,2025-06-18 04:50:54
12654,2024,ENG.1,370,175063,38,3,18,18,1,0,0,6,6,28,69,9,0,1,44,2025-06-18 04:50:58
12654,2024,ENG.1,368,176562,33,2,46,5,4,1,0,2,5,9,29,3,0,6,33,2025-06-18 04:50:57
12654,2024,ENG.1,382,176948,26,0,1,0,4,0,0,4,0,0,0,0,167,54,25,2025-06-18 04:51:00
12654,2024,ENG.1,363,177545,0,0,0,0,0,0,0,0,0,0,0,0,0,0,0,2025-06-18 04:50:56
12654,2024,ENG.1,337,177821,37,0,0,3,1,0,0,2,5,0,0,0,551,155,53,2025-06-18 04:50:55
12654,2024,ENG.1,337,178077,34,0,44,28,8,1,0,4,6,15,38,5,0,21,42,2025-06-18 04:50:55
12654,2024,ENG.1,362,178176,4,3,0,0,0,0,0,0,0,0,0,0,12,5,6,2025-06-18 04:50:55
12654,2024,ENG.1,370,178487,10,8,1,0,0,0,0,0,1,0,7,0,0,0,3,2025-06-18 04:50:58
12654,2024,ENG.1,368,178760,0,0,0,0,0,0,0,0,0,0,0,0,0,0,0,2024-08-30 04:58:43
12654,2024,ENG.1,361,179233,34,1,35,15,9,1,0,0,8,10,41,4,0,26,41,2025-06-18 04:51:01
12654,2024,ENG.1,393,179497,38,0,1,10,4,0,0,0,12,0,0,0,473,120,46,2025-06-18 04:51:01
12654,2024,ENG.1,380,181278,29,0,4,9,2,0,0,0,4,0,0,0,287,71,46,2025-06-18 04:51:03
12654,2024,ENG.1,362,181312,14,2,3,11,1,0,0,0,0,1,10,0,0,11,11,2025-06-18 04:50:55
12654,2024,ENG.1,373,181516,18,6,3,11,1,0,0,1,0,1,8,0,0,2,23,2025-06-18 04:50:58
12654,2024,ENG.1,380,181729,17,2,17,8,4,0,0,3,5,5,18,1,0,7,36,2025-02-07 05:40:52
12654,2024,ENG.1,376,187411,2,1,0,1,1,0,0,0,0,0,1,0,0,0,4,2025-01-21 05:26:31
12654,2024,ENG.1,375,187638,28,0,38,18,8,0,1,5,3,7,21,0,0,20,46,2025-06-18 04:50:59
12654,2024,ENG.1,363,189007,19,7,8,11,1,0,0,1,5,2,11,1,0,4,14,2025-06-18 04:50:56
12654,2024,ENG.1,359,189972,35,4,45,31,4,0,0,2,5,9,28,4,0,8,30,2025-06-18 04:50:54
12654,2024,ENG.1,364,190257,33,14,17,25,2,1,0,3,2,13,32,3,0,10,26,2025-06-18 04:50:59
12654,2024,ENG.1,376,190931,3,0,0,0,0,0,0,0,1,0,0,0,59,13,7,2025-06-18 04:51:02
12654,2024,ENG.1,301,190962,8,4,10,6,1,0,0,0,0,2,5,0,0,0,12,2024-07-13 02:49:17
12654,2024,ENG.1,370,190974,22,1,33,16,5,0,0,2,4,2,25,0,0,10,25,2025-06-18 04:50:58
12654,2024,ENG.1,373,191026,2,2,0,0,0,0,0,0,0,0,0,0,0,1,2,2024-08-31 05:00:02
12654,2024,ENG.1,367,191088,18,14,3,5,0,0,0,3,3,3,8,0,0,1,12,2025-06-18 04:51:02
12654,2024,ENG.1,371,191209,22,11,22,16,5,0,1,0,2,3,8,0,0,11,20,2025-06-18 04:51:03
12654,2024,ENG.1,301,192034,21,0,22,16,0,0,0,0,4,2,2,0,0,15,41,2024-07-13 02:49:17
12654,2024,ENG.1,331,192278,16,12,8,3,0,0,0,0,0,3,9,1,0,0,13,2025-06-18 04:50:56
12654,2024,ENG.1,349,192660,10,9,3,2,1,0,0,0,1,1,5,0,0,0,4,2025-01-12 05:32:23
12654,2024,ENG.1,361,192929,2,2,0,0,0,0,0,0,0,0,0,0,0,0,0,2025-06-18 04:51:01
12654,2024,ENG.1,398,193010,21,6,19,27,5,2,0,3,5,15,34,6,0,2,39,2024-07-13 02:49:24
12654,2024,ENG.1,370,193246,12,12,6,2,2,0,0,0,1,2,3,0,0,0,3,2025-06-18 04:50:58
12654,2024,ENG.1,362,193297,36,1,40,57,4,0,0,7,6,12,40,3,0,17,46,2025-06-18 04:50:55
12654,2024,ENG.1,398,194108,10,6,7,3,1,0,0,1,0,0,2,0,0,4,10,2024-07-13 02:49:24
12654,2024,ENG.1,367,194115,27,2,35,36,0,0,1,3,2,26,61,9,0,8,41,2025-06-18 04:51:02
12654,2024,ENG.1,376,194116,20,5,12,5,4,0,0,2,2,7,25,2,0,2,35,2025-02-05 05:35:45
12654,2024,ENG.1,367,194450,31,10,32,64,6,0,0,7,4,17,38,9,0,4,30,2025-06-18 04:51:02
12654,2024,ENG.1,379,194557,33,10,38,24,4,1,0,2,4,11,28,4,0,8,54,2024-07-13 02:49:22
12654,2024,ENG.1,393,194686,26,23,8,10,0,0,0,0,0,4,10,1,0,0,10,2025-06-18 04:51:01
12654,2024,ENG.1,398,194778,9,0,0,2,1,0,0,0,1,0,0,0,132,37,23,2024-07-13 02:49:24
12654,2024,ENG.1,370,194801,25,13,11,22,2,0,0,1,1,16,41,6,0,1,21,2025-06-18 04:50:58
12654,2024,ENG.1,301,194823,38,6,44,43,4,0,0,4,13,31,74,11,0,5,68,2024-07-13 02:49:17
12654,2024,ENG.1,379,195816,0,0,0,0,0,0,0,0,0,0,0,0,0,0,0,2024-07-13 02:49:22
12654,2024,ENG.1,362,195821,13,4,11,8,2,0,0,1,2,8,22,3,0,3,8,2025-06-18 04:50:55
12654,2024,ENG.1,370,196081,30,0,20,19,7,1,1,0,7,6,21,0,0,28,45,2025-06-18 04:50:58
12654,2024,ENG.1,384,196081,1,0,2,0,1,0,0,0,0,1,1,0,0,0,2,2024-08-23 04:53:25
12654,2024,ENG.1,359,196176,38,0,1,10,3,0,0,0,3,0,0,0,314,87,34,2025-06-18 04:50:54
12654,2024,ENG.1,362,196860,10,2,11,1,1,0,0,0,3,1,4,0,0,7,15,2025-01-22 05:32:23
12654,2024,ENG.1,364,196876,28,0,0,2,0,0,0,0,2,0,0,0,233,78,27,2025-06-18 04:50:59
12654,2024,ENG.1,370,197163,24,7,16,6,1,0,0,1,0,2,7,0,0,6,27,2025-06-18 04:50:58
12654,2024,ENG.1,384,197399,33,7,33,39,9,0,0,1,8,7,24,0,0,18,33,2025-06-18 04:50:57
12654,2024,ENG.1,368,197717,26,7,25,23,2,0,0,1,0,19,50,3,0,2,18,2025-06-18 04:50:57
12654,2024,ENG.1,301,197924,22,2,19,12,5,0,0,4,1,3,12,0,0,18,36,2024-07-13 02:49:17
12654,2024,ENG.1,361,198138,37,0,33,12,11,0,2,1,1,9,27,1,0,25,43,2025-06-18 04:51:01
12654,2024,ENG.1,362,198825,38,7,29,33,2,0,0,10,6,38,85,16,0,3,40,2025-06-18 04:50:55
12654,2024,ENG.1,382,199833,33,4,25,32,7,0,0,4,1,10,31,4,0,7,36,2025-06-18 04:51:00
12654,2024,ENG.1,368,199850,34,10,13,28,0,0,0,0,7,7,27,1,0,0,27,2025-06-18 04:50:57
12654,2024,ENG.1,301,200911,2,2,1,0,1,0,0,0,1,0,0,0,0,0,5,2024-07-13 02:49:17
12654,2024,ENG.1,371,201089,34,0,19,51,1,0,0,8,6,36,86,13,0,3,48,2025-06-18 04:51:03
12654,2024,ENG.1,393,201304,26,20,11,2,5,0,0,0,2,1,2,0,0,5,14,2025-06-18 04:51:01
12654,2024,ENG.1,361,202232,29,0,58,35,10,0,0,3,3,13,46,4,0,8,30,2025-06-18 04:51:01
12654,2024,ENG.1,375,202332,22,5,9,13,4,0,0,2,3,4,10,0,0,7,32,2025-06-18 04:50:59
12654,2024,ENG.1,359,203669,30,4,12,24,4,0,0,8,12,15,48,3,0,0,21,2025-06-18 04:50:54
12654,2024,ENG.1,367,204082,24,0,0,2,1,0,0,0,0,0,0,0,243,70,35,2025-06-18 04:51:02
12654,2024,ENG.1,376,204286,17,4,4,5,0,0,0,1,1,0,3,0,0,3,31,2025-06-18 04:51:02
12654,2024,ENG.1,301,204661,13,0,23,9,5,0,0,0,1,0,4,0,0,6,23,2024-07-13 02:49:17
12654,2024,ENG.1,360,204679,16,10,8,1,1,0,0,0,0,0,0,0,0,4,9,2025-06-18 04:51:00
12654,2024,ENG.1,360,205081,0,0,0,0,0,0,0,0,0,0,0,0,0,0,0,2025-06-18 04:51:00
12654,2024,ENG.1,384,205646,12,12,1,0,0,0,0,0,0,1,4,0,0,1,3,2025-02-03 14:45:07
12654,2024,ENG.1,384,205981,0,0,0,0,0,0,0,0,0,0,0,0,0,0,0,2025-06-18 04:50:57
12654,2024,ENG.1,337,206173,24,7,13,6,5,0,0,0,2,3,9,0,0,4,23,2025-06-18 04:50:55
12654,2024,ENG.1,393,206227,35,0,22,35,5,0,0,1,2,2,11,2,0,12,39,2025-06-18 04:51:01
12654,2024,ENG.1,337,206761,5,5,2,2,0,0,0,0,0,0,0,0,0,1,3,2025-06-18 04:50:55
12654,2024,ENG.1,379,207146,25,2,23,49,9,0,0,3,5,5,16,2,0,19,45,2024-07-13 02:49:22
12654,2024,ENG.1,373,207350,18,2,6,4,0,0,0,2,4,2,11,0,0,16,36,2025-06-18 04:50:58
12654,2024,ENG.1,368,207592,1,1,0,0,0,0,0,0,0,0,0,0,0,0,1,2024-08-31 05:00:01
12654,2024,ENG.1,398,207592,10,1,8,4,3,1,0,0,1,0,3,0,0,5,25,2024-07-13 02:49:24
12654,2024,ENG.1,364,208133,26,12,23,14,2,0,0,3,2,12,49,6,0,0,11,2025-06-18 04:50:59
12654,2024,ENG.1,398,209485,1,1,0,0,0,0,0,0,0,0,0,0,0,0,0,2024-07-13 02:49:24
12654,2024,ENG.1,359,209581,28,11,41,23,3,1,0,2,6,11,36,7,0,5,17,2025-06-18 04:50:54
12654,2024,ENG.1,370,210143,33,8,28,24,8,0,0,4,4,7,38,2,0,3,32,2025-06-18 04:50:58
12654,2024,ENG.1,373,211756,22,12,10,7,2,0,0,1,0,3,15,1,0,1,19,2025-06-18 04:50:58
12654,2024,ENG.1,371,212185,23,7,17,12,6,0,0,1,0,1,8,0,0,9,19,2025-06-18 04:51:03
12654,2024,ENG.1,373,212953,3,1,1,0,1,0,0,0,0,0,0,0,0,1,10,2025-06-18 04:50:58
12654,2024,ENG.1,380,213141,29,19,15,17,1,0,0,4,3,7,26,2,0,0,25,2025-06-18 04:51:03
12654,2024,ENG.1,393,213718,13,6,14,8,3,0,0,1,0,1,1,0,0,4,6,2025-06-18 04:51:01
12654,2024,ENG.1,380,213924,2,2,0,2,0,0,0,0,0,0,1,0,0,0,2,2024-09-04 05:00:30
12654,2024,ENG.1,362,214375,12,12,3,6,1,0,0,0,0,0,5,0,0,1,2,2025-01-30 14:42:58
12654,2024,ENG.1,382,214562,26,3,17,9,3,0,0,0,1,2,15,0,0,9,27,2025-06-18 04:51:00
12654,2024,ENG.1,331,214689,30,4,37,20,5,0,0,1,3,7,28,1,0,6,43,2025-06-18 04:50:56
12654,2024,ENG.1,359,214794,13,11,1,2,0,0,0,0,0,1,2,1,0,0,1,2025-06-18 04:50:54
12654,2024,ENG.1,360,215340,34,0,0,2,0,0,0,0,5,0,0,0,326,89,43,2025-06-18 04:51:00
12654,2024,ENG.1,301,215716,19,7,19,19,4,0,0,0,2,6,25,2,0,1,26,2024-07-13 02:49:17
12654,2024,ENG.1,367,215772,26,5,34,10,9,0,0,1,2,5,22,2,0,8,26,2025-06-18 04:51:02
12654,2024,ENG.1,379,216120,8,7,1,4,0,0,0,0,1,2,4,0,0,0,5,2024-07-13 02:49:22
12654,2024,ENG.1,359,217289,17,11,13,10,4,0,0,0,3,6,17,3,0,1,5,2025-06-18 04:50:54
12654,2024,ENG.1,359,217482,15,10,8,3,1,0,0,1,3,0,10,0,0,2,1,2025-06-18 04:50:54
12654,2024,ENG.1,349,218122,17,15,6,9,2,0,0,1,1,7,20,2,0,0,3,2025-06-18 04:50:54
12654,2024,ENG.1,384,218188,0,0,0,0,0,0,0,0,0,0,0,0,0,0,0,2025-02-04 05:29:17
12654,2024,ENG.1,361,218522,38,0,63,108,7,0,0,6,10,13,44,5,0,11,44,2025-06-18 04:51:01
12654,2024,ENG.1,370,218998,31,5,30,10,6,0,0,0,0,1,4,0,0,8,33,2025-06-18 04:50:58
12654,2024,ENG.1,379,218998,37,3,39,19,9,1,0,2,2,3,25,1,0,20,67,2024-07-13 02:49:22
12654,2024,ENG.1,384,219362,34,19,27,21,4,1,0,0,1,4,20,0,0,5,26,2025-06-18 04:50:57
12654,2024,ENG.1,373,219390,14,0,0,4,2,0,0,0,0,0,0,0,203,46,28,2025-06-18 04:50:58
12654,2024,ENG.1,370,220626,36,18,24,32,3,0,0,8,2,10,35,2,0,0,27,2025-06-18 04:50:58
12654,2024,ENG.1,376,221738,25,14,28,16,4,0,0,1,3,14,36,4,0,2,26,2025-06-18 04:51:02
12654,2024,ENG.1,376,221788,30,0,30,13,7,0,0,0,2,2,5,2,0,38,57,2025-06-18 04:51:02
12654,2024,ENG.1,363,222176,27,18,15,11,2,0,0,2,0,11,25,3,0,2,16,2025-06-18 04:50:56
12654,2024,ENG.1,375,222180,6,5,6,0,0,0,0,0,0,1,5,0,0,0,3,2025-06-18 04:50:59
12654,2024,ENG.1,384,222180,2,1,4,0,0,0,0,0,0,1,5,0,0,0,2,2024-08-31 05:00:01
12654,2024,ENG.1,370,222300,30,2,65,26,12,0,0,2,1,2,18,0,0,7,36,2025-06-18 04:50:58
12654,2024,ENG.1,370,222396,36,1,33,20,8,0,0,10,7,2,17,0,0,7,47,2025-06-18 04:50:58
12654,2024,ENG.1,380,222670,34,2,48,30,8,0,0,4,4,7,18,0,0,10,48,2025-06-18 04:51:03
12654,2024,ENG.1,349,222776,28,7,42,21,7,0,0,3,6,2,8,0,0,10,30,2025-06-18 04:50:54
12654,2024,ENG.1,331,223445,8,7,2,2,2,0,0,0,0,0,2,0,0,0,3,2025-06-18 04:50:56
12654,2024,ENG.1,349,223452,36,4,47,10,8,1,0,3,2,4,14,1,0,12,44,2025-06-18 04:50:54
12654,2024,ENG.1,373,223453,19,5,28,20,5,1,0,0,1,1,9,0,0,6,30,2025-06-18 04:50:58
12654,2024,ENG.1,382,223453,0,0,0,0,0,0,0,0,0,0,0,0,0,0,0,2024-08-29 05:01:06
12654,2024,ENG.1,364,223532,33,5,11,9,5,0,0,6,10,7,45,3,0,9,24,2025-06-18 04:50:59
12654,2024,ENG.1,373,223547,20,7,8,8,2,0,0,0,0,12,21,4,0,2,18,2025-06-18 04:50:58
12654,2024,ENG.1,373,223919,1,1,0,0,0,0,0,0,0,0,0,0,0,0,0,2025-01-26 05:33:40
12654,2024,ENG.1,337,224077,35,1,34,51,5,0,0,4,3,41,90,19,0,9,42,2025-06-18 04:50:55
12654,2024,ENG.1,362,224809,24,10,12,18,3,0,0,2,3,5,28,1,0,0,19,2025-06-18 04:50:55
12654,2024,ENG.1,384,225426,8,7,2,3,1,0,0,0,0,3,5,1,0,2,4,2025-06-18 04:50:57
12654,2024,ENG.1,375,225549,30,14,17,18,2,0,0,1,5,7,27,4,0,2,39,2025-06-18 04:50:59
12654,2024,ENG.1,337,225564,32,5,24,15,3,0,2,3,6,6,16,1,0,10,36,2025-06-18 04:50:55
12654,2024,ENG.1,376,226125,32,11,20,28,1,0,0,0,1,6,18,3,0,11,56,2025-06-18 04:51:02
12654,2024,ENG.1,364,226177,18,9,9,6,2,0,0,1,2,1,3,0,0,2,7,2025-06-18 04:50:59
12654,2024,ENG.1,337,227472,24,16,7,10,2,0,0,2,4,1,7,0,0,4,16,2025-06-18 04:50:55
12654,2024,ENG.1,375,227706,14,1,16,10,3,0,0,0,2,0,5,0,0,6,23,2025-06-18 04:50:59
12654,2024,ENG.1,363,227784,25,2,19,22,3,0,0,1,0,5,18,3,0,13,23,2025-06-18 04:50:56
12654,2024,ENG.1,384,227784,12,0,10,15,1,0,0,0,0,3,10,3,0,10,11,2025-01-16 05:36:57
12654,2024,ENG.1,359,227794,1,1,1,1,0,0,0,0,0,0,0,0,0,0,0,2024-08-31 04:59:57
12654,2024,ENG.1,370,227794,12,7,7,10,1,0,0,1,1,6,12,1,0,0,8,2025-06-18 04:50:58
12654,2024,ENG.1,375,228421,34,4,23,11,4,0,0,0,3,1,13,1,0,36,60,2025-06-18 04:50:59
12654,2024,ENG.1,368,228424,19,5,24,17,2,0,0,0,1,5,16,1,0,3,10,2025-06-18 04:50:57
12654,2024,ENG.1,367,228498,0,0,0,0,0,0,0,0,0,0,0,0,0,0,0,2025-06-18 04:51:02
12654,2024,ENG.1,380,228563,1,1,0,0,0,0,0,0,0,0,0,0,0,0,0,2025-06-18 04:51:03
12654,2024,ENG.1,398,228619,32,4,23,13,4,0,0,0,2,2,8,0,0,23,74,2024-07-13 02:49:24
12654,2024,ENG.1,373,229524,22,2,18,12,4,1,1,1,0,1,5,0,0,10,36,2025-06-18 04:50:58
12654,2024,ENG.1,371,229967,38,0,23,13,5,0,0,1,5,2,14,0,0,39,59,2025-06-18 04:51:03
12654,2024,ENG.1,371,230666,35,5,46,25,8,0,0,1,3,16,53,9,0,20,41,2025-06-18 04:51:03
12654,2024,ENG.1,360,230945,15,3,8,7,2,0,0,1,0,8,16,4,0,0,9,2025-02-02 14:45:23
12654,2024,ENG.1,362,230945,25,9,9,10,2,0,0,3,1,14,35,6,0,0,15,2025-06-18 04:50:55
12654,2024,ENG.1,370,230963,21,6,10,4,2,0,1,0,0,3,6,0,0,8,18,2025-06-18 04:50:58
12654,2024,ENG.1,337,231049,19,16,5,10,1,0,0,1,1,5,11,2,0,1,14,2025-06-18 04:50:55
12654,2024,ENG.1,360,231167,17,9,16,9,3,0,0,0,1,9,19,1,0,1,10,2025-06-18 04:51:00
12654,2024,ENG.1,359,231182,23,2,36,23,5,0,0,3,2,21,53,9,0,4,20,2025-06-18 04:50:54
12654,2024,ENG.1,363,231198,22,7,8,9,4,0,0,1,2,2,14,1,0,8,14,2025-06-18 04:50:56
12654,2024,ENG.1,367,231241,4,3,2,6,2,0,0,0,1,0,2,0,0,0,3,2025-06-18 04:51:02
12654,2024,ENG.1,362,231718,13,4,5,2,3,0,0,0,2,1,4,1,0,2,12,2025-06-18 04:50:55
12654,2024,ENG.1,363,231718,6,2,2,0,1,0,0,0,0,1,2,1,0,1,3,2025-02-04 05:29:16
12654,2024,ENG.1,382,231828,3,2,1,2,0,0,0,0,0,0,0,0,0,0,1,2025-06-18 04:51:00
12654,2024,ENG.1,362,231859,34,1,9,47,1,0,0,0,1,5,10,2,0,10,45,2025-06-18 04:50:55
12654,2024,ENG.1,375,231863,36,2,28,44,6,0,0,2,3,6,26,2,0,18,65,2025-06-18 04:50:59
12654,2024,ENG.1,375,232662,23,17,15,19,0,0,0,0,0,4,16,1,0,1,16,2025-06-18 04:50:59
12654,2024,ENG.1,367,232810,28,12,27,18,7,0,0,0,3,4,10,2,0,6,26,2025-06-18 04:51:02
12654,2024,ENG.1,379,233073,32,16,13,7,1,0,0,0,2,11,44,6,0,2,22,2024-07-13 02:49:22
12654,2024,ENG.1,375,233301,0,0,0,0,0,0,0,0,0,0,0,0,0,0,0,2025-06-18 04:50:59
12654,2024,ENG.1,360,233937,20,0,22,7,7,0,0,1,3,6,16,2,0,8,26,2025-06-18 04:51:00
12654,2024,ENG.1,349,233945,17,4,21,8,5,0,0,0,5,0,4,0,0,8,17,2025-06-18 04:50:54
12654,2024,ENG.1,331,234143,13,3,9,6,4,0,0,0,2,0,1,0,0,14,16,2025-06-18 04:50:56
12654,2024,ENG.1,384,234172,38,0,0,2,3,0,0,0,0,0,1,0,415,104,48,2025-06-18 04:50:57
12654,2024,ENG.1,364,234306,6,5,3,2,0,0,0,0,0,1,4,0,0,0,3,2025-06-18 04:50:59
12654,2024,ENG.1,375,234320,4,3,1,0,0,0,0,0,0,0,0,0,0,2,5,2025-01-26 05:33:40
12654,2024,ENG.1,362,234698,27,3,26,20,7,0,0,1,1,7,14,1,0,9,23,2025-06-18 04:50:55
12654,2024,ENG.1,371,234715,33,6,55,62,10,0,0,0,7,5,42,4,0,4,48,2025-06-18 04:51:03
12654,2024,ENG.1,382,234878,27,2,12,8,4,0,1,0,3,8,22,0,0,17,19,2025-06-18 04:51:00
12654,2024,ENG.1,371,235072,31,17,26,19,6,0,0,1,2,6,23,1,0,6,24,2025-06-18 04:51:03
12654,2024,ENG.1,349,235116,12,11,4,2,0,0,0,1,2,5,12,1,0,0,4,2025-06-18 04:50:54
12654,2024,ENG.1,376,235129,33,0,28,52,5,0,0,2,3,6,22,0,0,15,77,2025-06-18 04:51:02
12654,2024,ENG.1,375,235538,4,4,0,0,0,0,0,0,0,0,0,0,0,0,1,2025-06-18 04:50:59
12654,2024,ENG.1,361,235662,34,0,24,14,1,0,0,6,6,44,97,23,0,2,39,2025-06-18 04:51:01
12654,2024,ENG.1,359,236015,0,0,0,0,0,0,0,0,0,0,0,0,0,0,0,2024-08-30 04:58:38
12654,2024,ENG.1,376,236015,30,0,0,4,2,0,0,0,6,0,0,0,434,124,66,2025-06-18 04:51:02
12654,2024,ENG.1,359,236322,28,0,19,19,4,0,0,1,1,5,22,3,0,29,22,2025-06-18 04:50:54
12654,2024,ENG.1,301,236457,8,4,6,2,1,0,0,0,0,1,3,1,0,6,6,2024-07-13 02:49:17
12654,2024,ENG.1,398,236912,36,2,50,17,9,0,0,6,4,9,47,4,0,10,79,2024-07-13 02:49:24
12654,2024,ENG.1,380,237224,21,16,6,9,0,0,0,0,1,3,5,2,0,0,18,2025-06-18 04:51:03
12654,2024,ENG.1,359,238004,1,1,0,0,0,0,0,0,0,0,1,0,0,0,0,2025-06-18 04:50:54
12654,2024,ENG.1,301,238192,30,10,6,50,1,0,0,1,2,14,35,4,0,3,46,2024-07-13 02:49:17
12654,2024,ENG.1,373,238192,5,2,2,7,0,0,0,0,0,0,0,0,0,0,3,2025-06-18 04:50:58
12654,2024,ENG.1,359,238262,35,2,21,16,6,1,0,7,5,16,48,4,0,12,29,2025-06-18 04:50:54
12654,2024,ENG.1,331,238318,6,1,5,3,1,0,0,0,1,1,4,1,0,2,8,2025-06-18 04:50:56
12654,2024,ENG.1,393,238472,37,4,49,58,10,0,0,7,8,7,41,2,0,9,37,2025-06-18 04:51:01
12654,2024,ENG.1,360,238902,33,2,40,10,5,0,0,3,4,5,24,0,0,10,45,2025-06-18 04:51:00
12654,2024,ENG.1,393,238990,37,0,19,5,4,0,0,2,8,8,29,5,0,26,45,2025-06-18 04:51:01
12654,2024,ENG.1,371,239253,10,9,6,1,2,0,0,0,2,1,3,0,0,1,3,2025-06-18 04:51:03
12654,2024,ENG.1,360,239349,29,4,15,12,3,0,0,0,3,7,16,2,0,22,34,2025-06-18 04:51:00
12654,2024,ENG.1,360,239350,37,3,34,25,3,0,0,1,1,2,12,0,0,9,42,2025-06-18 04:51:00
12654,2024,ENG.1,380,240369,35,15,31,47,3,0,0,7,1,4,22,2,0,3,30,2025-06-18 04:51:03
12654,2024,ENG.1,384,241012,38,8,13,57,4,0,0,6,6,28,58,8,0,9,36,2025-06-18 04:50:57
12654,2024,ENG.1,359,241077,17,4,10,5,2,0,0,2,2,2,9,0,0,8,13,2025-06-18 04:50:54
12654,2024,ENG.1,337,241093,22,1,8,4,2,0,1,0,0,6,11,2,0,19,33,2025-06-18 04:50:55
12654,2024,ENG.1,384,241187,37,4,27,28,2,0,0,2,2,31,70,14,0,4,35,2025-06-18 04:50:57
12654,2024,ENG.1,380,241225,29,11,26,5,2,0,0,0,1,3,6,0,0,21,31,2025-06-18 04:51:03
12654,2024,ENG.1,393,241253,35,17,51,49,10,0,0,1,4,9,33,2,0,10,28,2025-06-18 04:51:01
12654,2024,ENG.1,373,241325,26,21,13,12,3,0,0,1,1,7,14,3,0,1,15,2025-06-18 04:50:58
12654,2024,ENG.1,370,241328,16,9,19,4,1,0,0,2,0,8,14,4,0,1,10,2025-06-18 04:50:58
12654,2024,ENG.1,362,241429,0,0,0,0,0,0,0,0,0,0,0,0,0,0,0,2025-01-30 14:42:58
12654,2024,ENG.1,360,241468,29,7,40,33,11,0,1,2,4,4,18,1,0,4,31,2025-06-18 04:51:00
12654,2024,ENG.1,371,241627,28,8,41,18,8,1,0,1,7,1,13,0,0,8,31,2025-06-18 04:51:03
12654,2024,ENG.1,371,242705,33,12,16,16,5,1,0,0,4,5,17,0,0,17,38,2025-06-18 04:51:03
12654,2024,ENG.1,373,243334,18,11,4,13,1,0,0,0,0,6,11,2,0,1,12,2025-06-18 04:50:58
12654,2024,ENG.1,349,243364,29,9,33,28,6,0,0,5,4,16,58,3,0,3,29,2025-06-18 04:50:54
12654,2024,ENG.1,361,243386,33,16,15,22,0,0,0,4,3,20,62,9,0,2,21,2025-06-18 04:51:01
12654,2024,ENG.1,393,243396,34,0,38,40,10,1,0,8,7,19,61,7,0,5,34,2025-06-18 04:51:01
12654,2024,ENG.1,301,243400,21,0,23,15,3,0,0,0,1,2,11,2,0,20,47,2024-07-13 02:49:17
12654,2024,ENG.1,398,243408,34,2,37,22,9,0,1,0,2,12,31,3,0,12,74,2024-07-13 02:49:24
12654,2024,ENG.1,373,243440,35,0,21,26,6,0,0,2,5,2,22,0,0,50,73,2025-06-18 04:50:58
12654,2024,ENG.1,379,243440,33,1,36,15,5,1,1,4,7,6,21,3,0,32,70,2024-07-13 02:49:22
12654,2024,ENG.1,349,243725,3,2,0,2,0,0,0,0,0,0,0,0,0,1,0,2025-01-14 05:27:56
12654,2024,ENG.1,361,243787,10,6,5,5,2,0,0,1,0,0,3,0,0,4,5,2025-02-04 05:29:19
12654,2024,ENG.1,398,245857,31,2,33,13,10,1,0,0,2,5,19,2,0,26,83,2024-07-13 02:49:24
12654,2024,ENG.1,349,245916,34,5,45,33,8,0,0,6,7,28,61,12,0,0,30,2025-06-18 04:50:54
12654,2024,ENG.1,376,246943,18,12,11,3,1,0,0,0,2,1,7,1,0,0,22,2025-06-18 04:51:02
12654,2024,ENG.1,337,249172,18,8,5,8,2,0,0,2,2,2,4,0,0,5,18,2025-01-26 05:33:37
12654,2024,ENG.1,364,249299,35,5,61,40,6,0,0,5,5,13,36,5,0,6,24,2025-06-18 04:50:59
12654,2024,ENG.1,364,249524,35,12,20,31,5,0,0,4,2,22,56,10,0,4,23,2025-06-18 04:50:59
12654,2024,ENG.1,364,250183,19,12,12,14,4,0,0,2,2,3,10,0,0,3,10,2025-06-18 04:50:59
12654,2024,ENG.1,367,250543,10,1,9,13,0,0,0,0,0,3,7,0,0,12,17,2025-06-18 04:51:02
12654,2024,ENG.1,382,250787,28,8,5,34,2,0,0,2,4,15,53,7,0,1,24,2025-06-18 04:51:00
12654,2024,ENG.1,362,250936,26,6,29,35,2,0,0,0,0,3,10,1,0,7,23,2025-06-18 04:50:55
12654,2024,ENG.1,371,250945,36,1,25,27,1,0,1,5,4,6,17,2,0,11,56,2025-06-18 04:51:03
12654,2024,ENG.1,362,251100,24,1,8,7,2,0,0,0,4,1,8,0,0,10,33,2025-06-18 04:50:55
12654,2024,ENG.1,376,251399,24,6,17,32,2,0,0,1,6,0,8,0,0,11,35,2025-06-18 04:51:02
12654,2024,ENG.1,384,251400,34,3,13,51,1,0,0,8,17,24,98,8,0,1,32,2025-06-18 04:50:57
12654,2024,ENG.1,364,251634,31,1,27,20,5,0,0,2,3,3,19,1,0,16,27,2025-06-18 04:50:59
12654,2024,ENG.1,361,251658,25,17,9,6,2,0,0,0,1,1,6,0,0,5,10,2025-06-18 04:51:01
12654,2024,ENG.1,376,251701,10,6,4,8,1,0,0,0,1,1,11,0,0,1,10,2025-01-20 14:29:22
12654,2024,ENG.1,398,251701,14,0,11,19,3,0,0,1,0,17,36,6,0,3,35,2024-07-13 02:49:24
12654,2024,ENG.1,376,251936,12,8,7,7,1,0,0,0,0,2,8,1,0,0,9,2025-06-18 04:51:02
12654,2024,ENG.1,370,252031,8,4,2,2,0,0,0,0,0,0,1,0,0,3,8,2025-06-18 04:50:58
12654,2024,ENG.1,363,252389,13,11,3,6,0,0,0,1,1,0,1,0,0,0,3,2025-06-18 04:50:56
12654,2024,ENG.1,379,252521,12,7,6,0,2,0,0,0,1,2,4,0,0,3,25,2024-07-13 02:49:22
12654,2024,ENG.1,370,252576,3,3,0,2,0,0,0,0,0,1,1,0,0,0,1,2025-06-18 04:50:58
12654,2024,ENG.1,380,252747,35,5,43,19,4,0,0,4,2,32,56,14,0,4,50,2025-06-18 04:51:03
12654,2024,ENG.1,398,253958,9,7,6,2,2,0,0,0,2,1,4,0,0,1,10,2024-07-13 02:49:24
12654,2024,ENG.1,382,253989,31,0,23,13,2,0,0,3,2,57,109,22,0,2,36,2025-06-18 04:51:00
12654,2024,ENG.1,393,254118,34,11,33,18,9,0,0,1,5,9,21,0,0,12,27,2025-06-18 04:51:01
12654,2024,ENG.1,398,255765,13,10,4,5,0,1,0,0,0,1,5,0,0,0,8,2024-07-13 02:49:24
12654,2024,ENG.1,360,255850,2,2,0,0,0,0,0,0,0,0,0,0,0,0,1,2024-08-31 04:59:59
12654,2024,ENG.1,376,255916,27,2,48,39,12,0,0,0,1,2,8,1,0,6,49,2025-06-18 04:51:02
12654,2024,ENG.1,363,256115,35,11,21,33,8,0,0,6,1,16,57,4,0,2,26,2025-06-18 04:50:56
12654,2024,ENG.1,301,256966,10,4,10,6,0,0,2,0,0,2,3,0,0,7,18,2024-07-13 02:49:17
12654,2024,ENG.1,398,257039,36,7,45,14,3,0,0,0,3,6,13,1,0,18,75,2024-07-13 02:49:24
12654,2024,ENG.1,349,257058,0,0,0,0,0,0,0,0,0,0,0,0,0,0,0,2024-08-28 04:57:10
12654,2024,ENG.1,364,257206,36,7,43,24,6,0,0,7,2,21,67,6,0,4,28,2025-06-18 04:50:59
12654,2024,ENG.1,364,257390,36,8,47,32,2,0,0,5,2,29,69,13,0,0,20,2025-06-18 04:50:59
12654,2024,ENG.1,337,258491,2,2,2,0,0,0,0,0,0,0,0,0,0,0,0,2024-08-30 04:58:40
12654,2024,ENG.1,362,259481,14,12,1,5,0,0,0,0,1,9,15,3,0,0,6,2025-06-18 04:50:55
12654,2024,ENG.1,359,259486,0,0,0,0,0,0,0,0,0,0,0,0,0,0,0,2024-08-30 04:58:38
12654,2024,ENG.1,384,259486,29,20,25,29,5,1,0,1,0,16,41,3,0,1,16,2025-06-18 04:50:57
12654,2024,ENG.1,375,259497,31,6,24,23,8,0,0,0,3,0,7,0,0,10,50,2025-06-18 04:50:59
12654,2024,ENG.1,361,259517,32,21,20,13,4,0,0,2,2,3,18,0,0,6,16,2025-06-18 04:51:01
12654,2024,ENG.1,363,259836,31,12,6,11,2,0,0,4,1,8,26,3,0,0,24,2025-06-18 04:50:56
12654,2024,ENG.1,373,259838,18,0,0,4,1,0,0,0,3,0,0,0,232,71,33,2025-06-18 04:50:58
12654,2024,ENG.1,379,259838,10,0,0,3,0,0,1,0,5,1,1,0,166,63,15,2024-07-13 02:49:22
12654,2024,ENG.1,360,259863,3,1,3,2,1,0,0,0,0,0,0,0,0,0,1,2025-02-05 05:35:44
12654,2024,ENG.1,380,259902,33,4,40,71,4,0,0,6,9,39,108,15,0,1,51,2025-06-18 04:51:03
12654,2024,ENG.1,363,259910,36,3,36,38,9,1,0,1,7,10,23,5,0,15,39,2025-06-18 04:50:56
12654,2024,ENG.1,367,259942,1,0,0,2,0,0,0,0,0,0,0,0,12,2,2,2025-06-18 04:51:02
12654,2024,ENG.1,361,261047,36,8,36,49,5,0,0,2,7,11,33,4,0,12,33,2025-06-18 04:51:01
12654,2024,ENG.1,373,261083,15,3,5,2,2,0,0,0,2,0,1,0,0,14,28,2025-06-18 04:50:58
12654,2024,ENG.1,331,261087,21,10,16,13,1,0,1,2,0,6,21,2,0,3,19,2025-06-18 04:50:56
12654,2024,ENG.1,393,261419,31,6,11,25,2,0,0,2,3,16,37,5,0,0,23,2025-06-18 04:51:01
12654,2024,ENG.1,375,261448,24,14,21,13,8,0,0,0,1,1,5,0,0,6,27,2025-06-18 04:50:59
12654,2024,ENG.1,301,261504,27,11,25,16,1,0,0,0,1,14,31,10,0,2,36,2024-07-13 02:49:17
12654,2024,ENG.1,368,262594,35,0,22,34,4,0,0,2,3,1,14,1,0,10,39,2025-06-18 04:50:57
12654,2024,ENG.1,370,263110,35,1,26,32,7,0,0,0,2,4,14,1,0,19,45,2025-06-18 04:50:58
12654,2024,ENG.1,379,264751,24,2,23,11,0,1,0,3,2,15,33,5,0,5,41,2024-07-13 02:49:22
12654,2024,ENG.1,362,265653,37,0,49,51,10,0,0,10,6,19,55,8,0,7,41,2025-06-18 04:50:55
12654,2024,ENG.1,384,265907,34,0,22,27,8,1,3,2,6,10,19,3,0,24,39,2025-06-18 04:50:57
12654,2024,ENG.1,384,265918,35,0,33,19,5,0,0,1,0,4,29,1,0,19,42,2025-06-18 04:50:57
12654,2024,ENG.1,376,265965,30,14,12,10,4,0,0,1,1,5,14,1,0,7,46,2025-06-18 04:51:02
12654,2024,ENG.1,380,266096,14,2,17,10,0,0,0,1,0,7,22,2,0,1,11,2025-06-18 04:51:03
12654,2024,ENG.1,371,266599,32,1,33,65,2,1,0,3,2,20,72,5,0,1,43,2025-06-18 04:51:03
12654,2024,ENG.1,384,266628,13,9,7,7,1,0,0,0,0,0,7,0,0,0,5,2025-06-18 04:50:57
12654,2024,ENG.1,370,266697,34,9,19,14,3,0,0,3,2,11,35,6,0,2,26,2025-06-18 04:50:58
12654,2024,ENG.1,370,266846,0,0,0,0,0,0,0,0,0,0,0,0,0,0,0,2025-06-18 04:50:58
12654,2024,ENG.1,337,267458,8,8,2,4,0,0,0,0,0,0,1,0,0,2,1,2025-06-18 04:50:55
12654,2024,ENG.1,367,267711,25,6,19,23,3,1,1,2,4,4,11,1,0,9,35,2025-06-18 04:51:02
12654,2024,ENG.1,301,268239,17,1,18,28,4,0,0,3,5,2,6,1,0,13,31,2024-07-13 02:49:17
12654,2024,ENG.1,367,268533,33,5,25,33,5,0,0,6,6,8,39,2,0,17,45,2025-06-18 04:51:02
12654,2024,ENG.1,368,268641,33,4,22,51,3,0,0,0,2,16,36,9,0,5,24,2025-06-18 04:50:57
12654,2024,ENG.1,379,268700,32,6,27,28,1,0,0,2,4,4,25,0,0,6,42,2024-07-13 02:49:22
12654,2024,ENG.1,361,268782,34,6,20,72,2,0,0,5,8,17,57,6,0,3,31,2025-06-18 04:51:01
12654,2024,ENG.1,398,269276,5,3,3,1,1,0,0,0,0,0,0,0,0,0,6,2024-07-13 02:49:24
12654,2024,ENG.1,373,269343,32,20,13,23,2,0,0,4,1,2,18,0,0,0,29,2025-06-18 04:50:58
12654,2024,ENG.1,359,269844,33,8,15,21,1,0,0,5,5,25,55,8,0,0,25,2025-06-18 04:50:54
12654,2024,ENG.1,363,270190,14,0,24,16,7,0,0,0,1,0,3,0,0,9,13,2025-06-18 04:50:56
12654,2024,ENG.1,337,270507,31,2,23,5,3,0,0,0,1,6,20,0,0,38,48,2025-06-18 04:50:55
12654,2024,ENG.1,337,271170,38,0,25,44,3,0,0,7,6,39,83,20,0,4,52,2025-06-18 04:50:55
12654,2024,ENG.1,368,271191,10,7,6,1,1,0,0,1,0,0,1,0,0,0,6,2025-06-18 04:50:57
12654,2024,ENG.1,379,271218,15,0,11,6,6,0,0,1,2,0,6,0,0,16,22,2024-07-13 02:49:22
12654,2024,ENG.1,364,271788,30,22,25,14,8,0,0,2,1,13,34,5,0,0,21,2025-06-18 04:50:59
12654,2024,ENG.1,380,272512,37,0,28,46,6,1,0,7,5,10,35,4,0,6,64,2025-06-18 04:51:03
12654,2024,ENG.1,384,272585,24,2,11,5,3,1,0,0,2,6,13,1,0,14,30,2025-06-18 04:50:57
12654,2024,ENG.1,367,272695,32,5,45,38,3,0,0,4,9,17,47,7,0,5,38,2025-06-18 04:51:02
12654,2024,ENG.1,349,273292,37,1,73,38,9,0,0,5,12,40,126,11,0,9,41,2025-06-18 04:50:54
12654,2024,ENG.1,368,273495,21,6,6,18,1,0,0,7,2,9,24,4,0,0,24,2025-06-18 04:50:57
12654,2024,ENG.1,375,273839,1,1,0,0,0,0,0,0,0,0,0,0,0,0,0,2025-02-03 14:45:09
12654,2024,ENG.1,331,274217,2,1,2,3,0,0,0,0,0,0,1,0,0,0,1,2024-08-31 04:59:59
12654,2024,ENG.1,360,274272,4,0,0,1,0,0,0,0,0,0,0,0,25,8,9,2025-06-18 04:51:00
12654,2024,ENG.1,331,274278,36,8,37,24,1,0,0,4,4,27,57,10,0,3,38,2025-06-18 04:50:56
12654,2024,ENG.1,368,274284,0,0,0,0,0,0,0,0,0,0,0,0,0,0,0,2025-06-18 04:50:57
12654,2024,ENG.1,364,274632,37,0,47,52,6,1,0,4,7,5,20,0,0,10,34,2025-06-18 04:50:59
12654,2024,ENG.1,361,274633,8,2,5,4,1,0,0,0,0,2,5,0,0,4,4,2025-06-18 04:51:01
12654,2024,ENG.1,373,274971,30,5,23,21,2,0,0,1,0,1,12,1,0,9,45,2025-06-18 04:50:58
12654,2024,ENG.1,364,275599,10,0,0,3,0,0,0,0,0,0,0,0,100,26,12,2025-06-18 04:50:59
12654,2024,ENG.1,331,276039,15,5,14,10,0,0,0,2,1,2,6,2,0,7,19,2025-06-18 04:50:56
12654,2024,ENG.1,301,276218,33,13,19,64,4,0,0,0,4,6,30,4,0,6,48,2024-07-13 02:49:17
12654,2024,ENG.1,368,276220,21,4,19,15,5,0,0,2,5,3,12,0,0,4,19,2025-06-18 04:50:57
12654,2024,ENG.1,360,276327,32,18,9,13,2,0,0,1,1,11,27,3,0,4,24,2025-06-18 04:51:00
12654,2024,ENG.1,363,276350,12,9,5,17,2,0,0,1,1,5,19,1,0,0,4,2025-02-04 05:29:16
12654,2024,ENG.1,393,276741,0,0,0,0,0,0,0,0,0,0,0,0,0,0,0,2025-06-18 04:51:01
12654,2024,ENG.1,376,277005,11,2,9,4,2,0,0,0,1,0,2,0,0,6,20,2025-06-18 04:51:02
12654,2024,ENG.1,371,277327,27,7,16,6,3,0,0,0,3,0,5,0,0,12,31,2025-06-18 04:51:03
12654,2024,ENG.1,359,277385,35,0,28,17,2,1,0,0,4,2,6,2,0,16,29,2025-06-18 04:50:54
12654,2024,ENG.1,301,277559,37,3,30,9,5,0,0,9,6,8,26,2,0,10,70,2024-07-13 02:49:17
12654,2024,ENG.1,331,278061,28,9,34,45,2,0,0,3,2,12,48,5,0,3,28,2025-06-18 04:50:56
12654,2024,ENG.1,368,278822,25,10,15,10,2,0,0,1,3,8,28,0,0,3,14,2025-06-18 04:50:57
12654,2024,ENG.1,349,279155,10,4,7,5,1,0,0,1,0,0,6,0,0,0,9,2025-06-18 04:50:54
12654,2024,ENG.1,337,279780,38,0,28,31,5,0,0,3,5,6,19,2,0,58,54,2025-06-18 04:50:55
12654,2024,ENG.1,359,280555,25,5,15,39,3,0,0,10,5,22,66,6,0,0,21,2025-06-18 04:50:54
12654,2024,ENG.1,349,280764,12,5,7,2,2,0,0,0,0,0,0,0,0,0,10,2025-06-18 04:50:54
12654,2024,ENG.1,364,280806,18,16,0,1,1,0,0,2,3,4,17,1,0,2,6,2025-06-18 04:50:59
12654,2024,ENG.1,379,280895,16,13,0,3,0,0,0,0,0,0,5,0,0,0,9,2024-07-13 02:49:22
12654,2024,ENG.1,376,281121,34,2,35,14,9,0,0,0,3,6,20,1,0,45,65,2025-06-18 04:51:02
12654,2024,ENG.1,362,281125,29,19,11,9,2,0,0,2,0,5,18,1,0,0,16,2025-06-18 04:50:55
12654,2024,ENG.1,360,281558,8,8,2,5,0,0,0,0,0,3,6,0,0,0,2,2025-01-26 05:33:41
12654,2024,ENG.1,375,281564,27,0,0,3,1,0,0,0,3,0,0,0,404,103,55,2025-06-18 04:50:59
12654,2024,ENG.1,380,281730,0,0,0,0,0,0,0,0,0,0,0,0,0,0,0,2025-01-31 14:42:49
12654,2024,ENG.1,331,282186,25,15,23,10,6,0,0,4,1,4,9,1,0,2,21,2025-06-18 04:50:56
12654,2024,ENG.1,331,282583,34,1,26,24,7,1,0,0,2,5,17,1,0,21,46,2025-06-18 04:50:56
12654,2024,ENG.1,363,282585,5,2,6,2,0,0,0,0,1,0,0,0,0,2,5,2025-06-18 04:50:56
12654,2024,ENG.1,359,282716,30,3,30,29,7,0,0,3,3,4,14,1,0,4,22,2025-06-18 04:50:54
12654,2024,ENG.1,379,282885,3,3,0,0,0,0,0,0,0,0,0,0,0,0,0,2024-07-13 02:49:22
12654,2024,ENG.1,373,283086,33,1,27,31,5,1,0,2,8,2,16,1,0,9,69,2025-06-18 04:50:58
12654,2024,ENG.1,368,283586,20,3,13,5,5,0,0,0,2,3,6,2,0,4,17,2025-06-18 04:50:57
12654,2024,ENG.1,382,283672,29,13,8,33,1,0,0,6,2,8,28,3,0,1,12,2025-06-18 04:51:00
12654,2024,ENG.1,337,283940,0,0,0,0,0,0,0,0,0,0,0,0,0,0,0,2025-06-18 04:50:55
12654,2024,ENG.1,375,284081,19,7,16,9,4,0,0,0,0,3,5,1,0,14,26,2025-06-18 04:50:59
12654,2024,ENG.1,337,284490,38,2,17,31,7,0,0,3,8,15,30,1,0,12,47,2025-06-18 04:50:55
12654,2024,ENG.1,380,284641,24,21,5,5,1,0,0,1,4,2,9,0,0,5,10,2025-06-18 04:51:03
12654,2024,ENG.1,371,284792,19,12,9,23,2,0,0,1,0,2,14,1,0,4,19,2025-06-18 04:51:03
12654,2024,ENG.1,331,284960,27,4,26,46,4,1,0,6,4,19,46,10,0,0,26,2025-06-18 04:50:56
12654,2024,ENG.1,363,285450,36,4,51,54,8,0,0,7,9,20,52,6,0,7,37,2025-06-18 04:50:56
12654,2024,ENG.1,362,285629,20,16,14,15,3,1,0,0,1,15,31,7,0,0,14,2025-02-01 14:45:34
12654,2024,ENG.1,362,286090,29,10,12,28,3,1,0,3,3,4,20,1,0,4,26,2025-06-18 04:50:55
12654,2024,ENG.1,376,286128,4,2,3,2,0,0,0,0,1,0,1,0,0,2,13,2025-06-18 04:51:02
12654,2024,ENG.1,368,286965,30,2,12,18,4,0,0,1,6,3,10,0,0,24,28,2025-06-18 04:50:57
12654,2024,ENG.1,331,287461,4,4,0,0,0,0,0,0,0,0,0,0,0,0,0,2025-01-21 05:26:27
12654,2024,ENG.1,368,289511,30,15,33,23,2,0,0,0,0,23,49,8,0,1,24,2025-06-18 04:50:57
12654,2024,ENG.1,331,289645,13,11,3,1,0,0,0,0,1,2,7,1,0,1,7,2025-02-03 14:45:07
12654,2024,ENG.1,371,289645,21,18,4,3,0,0,0,0,2,3,12,1,0,2,10,2025-06-18 04:51:03
12654,2024,ENG.1,398,289837,11,5,5,5,1,0,0,0,1,1,6,0,0,1,10,2024-07-13 02:49:24
12654,2024,ENG.1,364,289840,1,1,0,0,0,0,0,0,0,0,0,0,0,1,0,2025-06-18 04:50:59
12654,2024,ENG.1,363,289877,38,0,70,58,11,0,0,2,5,2,19,1,0,10,42,2025-06-18 04:50:56
12654,2024,ENG.1,367,290076,25,1,28,38,2,0,1,1,2,2,6,0,0,7,34,2025-06-18 04:51:02
12654,2024,ENG.1,393,290101,0,0,0,0,0,0,0,0,0,0,0,0,0,0,0,2025-01-24 16:52:08
12654,2024,ENG.1,379,290413,8,3,8,2,2,0,0,0,0,0,1,0,0,5,8,2024-07-13 02:49:22
12654,2024,ENG.1,375,290581,4,3,2,1,1,0,0,0,0,1,2,0,0,1,6,2025-06-18 04:50:59
12654,2024,ENG.1,373,291174,25,0,16,21,5,0,0,0,2,4,10,1,0,26,52,2025-06-18 04:50:58
12654,2024,ENG.1,349,291269,0,0,0,0,0,0,0,0,0,0,0,0,0,0,0,2025-06-18 04:50:54
12654,2024,ENG.1,367,291307,33,9,24,26,5,0,0,3,2,20,53,11,0,3,36,2025-06-18 04:51:02
12654,2024,ENG.1,384,291468,23,19,8,0,1,0,0,1,2,6,10,1,0,1,8,2025-06-18 04:50:57
12654,2024,ENG.1,368,291535,10,6,6,4,1,0,0,0,1,0,5,0,0,0,2,2025-06-18 04:50:57
12654,2024,ENG.1,331,291609,36,0,0,2,6,0,0,1,5,0,0,0,341,91,56,2025-06-18 04:50:56
12654,2024,ENG.1,360,291630,26,6,20,28,5,0,0,6,3,17,44,8,0,1,29,2025-06-18 04:51:00
12654,2024,ENG.1,393,291638,35,7,23,43,7,0,0,3,4,6,37,1,0,10,32,2025-06-18 04:51:01
12654,2024,ENG.1,363,293236,32,5,19,25,3,0,0,3,5,30,80,7,0,0,28,2025-06-18 04:50:56
12654,2024,ENG.1,373,293337,7,3,4,1,2,1,0,0,0,1,1,0,0,4,10,2025-01-30 14:43:00
12654,2024,ENG.1,376,293347,35,22,15,13,0,0,0,0,1,10,28,2,0,2,34,2025-06-18 04:51:02
12654,2024,ENG.1,398,293347,30,9,13,20,2,0,0,1,0,9,41,4,0,3,47,2024-07-13 02:49:24
12654,2024,ENG.1,301,294427,24,3,27,30,7,0,1,2,1,2,7,0,0,11,36,2024-07-13 02:49:17
12654,2024,ENG.1,382,294427,0,0,0,0,0,0,0,0,0,0,0,0,0,0,0,2024-09-03 05:00:54
12654,2024,ENG.1,362,295370,11,9,11,8,3,1,0,0,0,0,7,0,0,0,5,2025-01-16 05:36:56
12654,2024,ENG.1,373,295370,21,14,19,18,4,1,0,0,1,5,18,2,0,1,21,2025-06-18 04:50:58
12654,2024,ENG.1,363,296395,37,1,15,60,7,0,0,8,10,41,127,15,0,2,42,2025-06-18 04:50:56
12654,2024,ENG.1,375,296398,10,0,0,0,1,0,0,0,0,0,0,0,113,28,16,2025-06-18 04:50:59
12654,2024,ENG.1,363,296410,35,0,45,21,9,0,0,1,4,4,17,2,0,25,41,2025-06-18 04:50:56
12654,2024,ENG.1,367,296512,13,1,10,9,4,0,0,2,1,2,6,0,0,7,17,2025-06-18 04:51:02
12654,2024,ENG.1,359,296612,1,1,0,0,0,0,0,0,0,1,1,0,0,0,0,2025-06-18 04:50:54
12654,2024,ENG.1,301,296618,30,2,33,7,3,0,0,0,4,4,11,1,0,29,56,2024-07-13 02:49:17
12654,2024,ENG.1,393,296622,38,7,9,47,1,0,0,12,3,22,44,6,0,1,35,2025-06-18 04:51:01
12654,2024,ENG.1,367,297337,36,14,33,35,6,0,0,2,3,13,33,3,0,11,34,2025-06-18 04:51:02
12654,2024,ENG.1,376,297750,4,2,0,1,0,0,0,0,0,0,2,0,0,1,3,2025-06-18 04:51:02
12654,2024,ENG.1,384,297775,0,0,0,0,0,0,0,0,0,0,0,0,0,0,0,2024-08-31 05:00:01
12654,2024,ENG.1,359,298329,19,8,16,6,4,0,0,1,1,5,9,2,0,6,12,2025-06-18 04:50:54
12654,2024,ENG.1,382,298518,15,12,6,3,1,0,0,0,0,4,12,3,0,0,6,2025-06-18 04:51:00
12654,2024,ENG.1,398,298518,31,11,13,29,2,0,0,3,4,9,26,3,0,0,59,2024-07-13 02:49:24
12654,2024,ENG.1,373,298520,0,0,0,0,0,0,0,0,0,0,0,0,0,0,0,2025-06-18 04:50:58
12654,2024,ENG.1,364,298522,0,0,0,0,0,0,0,0,0,0,0,0,0,0,0,2025-06-18 04:50:59
12654,2024,ENG.1,364,298524,13,9,10,1,2,0,1,0,0,1,2,0,0,7,10,2025-06-18 04:50:59
12654,2024,ENG.1,380,298938,0,0,0,0,0,0,0,0,0,0,0,0,0,0,0,2025-02-04 05:29:21
12654,2024,ENG.1,361,299641,37,5,6,35,1,0,0,1,5,2,6,0,0,11,38,2025-06-18 04:51:01
12654,2024,ENG.1,382,299910,37,1,15,27,2,0,0,0,8,10,41,5,0,22,39,2025-06-18 04:51:00
12654,2024,ENG.1,363,299911,7,6,1,2,0,0,0,0,0,1,1,0,0,1,2,2025-06-18 04:50:56
12654,2024,ENG.1,376,300103,10,4,6,8,1,0,0,0,0,0,3,0,0,1,10,2025-06-18 04:51:02
12654,2024,ENG.1,384,300853,37,0,22,25,2,0,0,5,4,3,11,0,0,13,44,2025-06-18 04:50:57
12654,2024,ENG.1,376,300966,1,1,0,0,0,0,0,0,0,0,0,0,0,1,1,2025-01-01 05:40:26
12654,2024,ENG.1,379,301047,15,5,16,10,1,0,0,1,2,10,19,4,0,3,18,2024-07-13 02:49:22
12654,2024,ENG.1,370,301248,1,1,1,0,0,0,0,0,0,0,0,0,0,0,0,2024-08-31 04:59:58
12654,2024,ENG.1,380,301462,5,0,6,7,2,0,0,0,1,0,2,0,0,10,12,2025-06-18 04:51:03
12654,2024,ENG.1,380,301524,36,1,69,47,10,1,0,1,3,7,35,3,0,4,57,2025-06-18 04:51:03
12654,2024,ENG.1,370,301525,31,23,11,31,1,0,0,1,1,17,38,8,0,2,17,2025-06-18 04:50:58
12654,2024,ENG.1,393,301653,19,18,6,8,1,0,0,0,2,5,11,1,0,0,5,2025-06-18 04:51:01
12654,2024,ENG.1,337,301894,8,7,3,3,0,0,0,0,0,0,2,0,0,0,4,2025-06-18 04:50:55
12654,2024,ENG.1,368,302162,16,9,14,12,4,0,0,3,1,12,27,2,0,1,9,2025-06-18 04:50:57
12654,2024,ENG.1,376,302162,1,1,1,0,0,0,0,0,0,1,1,0,0,0,0,2024-08-29 05:01:06
12654,2024,ENG.1,398,302944,15,11,7,6,2,0,1,0,2,3,8,0,0,1,12,2024-07-13 02:49:24
12654,2024,ENG.1,376,303115,26,9,21,11,2,0,0,1,1,8,28,1,0,5,36,2025-06-18 04:51:02
12654,2024,ENG.1,382,303745,16,2,15,20,0,0,0,0,3,14,48,7,0,1,12,2025-06-18 04:51:00
12654,2024,ENG.1,382,303785,26,7,29,20,4,0,0,6,1,4,9,1,0,4,19,2025-06-18 04:51:00
12654,2024,ENG.1,384,303794,0,0,0,0,0,0,0,0,0,0,0,0,0,0,0,2025-06-18 04:50:57
12654,2024,ENG.1,380,304216,33,2,35,35,7,0,0,0,2,1,10,0,0,8,43,2025-06-18 04:51:03
12654,2024,ENG.1,331,304242,34,12,34,26,4,0,0,1,2,9,29,2,0,6,28,2025-06-18 04:50:56
12654,2024,ENG.1,363,304256,6,0,1,1,0,0,0,0,0,0,0,0,51,20,9,2025-06-18 04:50:56
12654,2024,ENG.1,382,304470,29,8,17,28,3,0,0,8,0,21,53,1,0,2,24,2025-06-18 04:51:00
12654,2024,ENG.1,349,304503,36,1,19,7,4,1,0,1,2,1,12,0,0,20,42,2025-06-18 04:50:54
12654,2024,ENG.1,362,304799,26,6,32,30,4,0,0,0,1,6,14,3,0,7,23,2025-06-18 04:50:55
12654,2024,ENG.1,359,304965,17,7,10,4,1,0,0,0,1,1,3,1,0,6,15,2025-06-18 04:50:54
12654,2024,ENG.1,367,306012,3,3,0,1,0,0,0,1,0,1,1,0,0,0,1,2025-06-18 04:51:02
12654,2024,ENG.1,367,306013,0,0,0,0,0,0,0,0,0,0,0,0,0,0,0,2024-09-06 05:04:28
12654,2024,ENG.1,331,306493,0,0,0,0,0,0,0,0,0,0,0,0,0,0,0,2025-01-14 05:27:57
12654,2024,ENG.1,337,306541,0,0,0,0,0,0,0,0,0,0,0,0,0,0,0,2024-08-30 04:58:40
12654,2024,ENG.1,393,306764,8,3,2,0,0,0,0,0,1,0,0,0,0,1,4,2025-06-18 04:51:01
12654,2024,ENG.1,331,307069,0,0,0,0,0,0,0,0,0,0,0,0,0,0,0,2025-06-18 04:50:56
12654,2024,ENG.1,375,307073,18,9,17,15,3,0,0,1,4,7,13,1,0,3,16,2025-06-18 04:50:59
12654,2024,ENG.1,375,307110,0,0,0,0,0,0,0,0,0,0,0,0,0,0,0,2024-08-31 05:00:02
12654,2024,ENG.1,382,307111,3,3,0,1,0,0,0,0,0,0,0,0,0,0,1,2025-06-18 04:51:00
12654,2024,ENG.1,373,307114,37,5,72,51,12,0,0,2,2,31,68,12,0,0,57,2025-06-18 04:50:58
12654,2024,ENG.1,382,307117,0,0,0,0,0,0,0,0,0,0,0,0,0,0,0,2025-01-22 05:32:26
12654,2024,ENG.1,379,307118,28,0,0,5,2,0,0,0,10,0,0,0,361,107,60,2024-07-13 02:49:22
12654,2024,ENG.1,376,307119,2,2,2,1,1,0,0,0,0,0,0,0,0,0,0,2024-09-06 05:04:27
12654,2024,ENG.1,359,307172,0,0,0,0,0,0,0,0,0,0,0,0,0,0,0,2025-06-18 04:50:54
12654,2024,ENG.1,349,307657,0,0,0,0,0,0,0,0,0,0,0,0,0,0,0,2024-08-30 04:58:38
12654,2024,ENG.1,384,307870,1,0,1,0,0,0,0,0,0,0,0,0,0,0,2,2025-06-18 04:50:57
12654,2024,ENG.1,363,308217,16,5,16,7,4,0,0,1,2,0,2,0,0,0,11,2025-06-18 04:50:56
12654,2024,ENG.1,380,308449,16,0,7,4,3,0,0,0,3,2,7,1,0,13,22,2025-06-18 04:51:03
12654,2024,ENG.1,380,308456,25,18,4,6,0,0,0,0,0,2,6,2,0,1,20,2025-06-18 04:51:03
12654,2024,ENG.1,379,308461,15,0,33,16,4,1,0,2,3,4,9,1,0,7,31,2024-07-13 02:49:22
12654,2024,ENG.1,363,308524,30,2,32,29,7,1,0,6,2,30,73,10,0,2,25,2025-06-18 04:50:56
12654,2024,ENG.1,380,308554,1,1,0,0,0,0,0,0,0,0,0,0,0,0,0,2025-06-18 04:51:03
12654,2024,ENG.1,360,308778,6,6,1,4,0,0,0,0,0,0,1,0,0,1,2,2025-06-18 04:51:00
12654,2024,ENG.1,337,308932,38,4,18,27,2,0,0,10,7,7,34,2,0,2,40,2025-06-18 04:50:55
12654,2024,ENG.1,363,308947,32,13,20,20,4,0,0,1,2,3,21,0,0,8,26,2025-06-18 04:50:56
12654,2024,ENG.1,360,309273,32,9,17,28,2,0,0,0,5,14,34,4,0,0,30,2025-06-18 04:51:00
12654,2024,ENG.1,376,309563,26,8,30,16,7,0,0,1,0,1,10,1,0,10,39,2025-06-18 04:51:02
12654,2024,ENG.1,367,310216,16,2,6,10,1,0,0,0,0,1,5,0,0,17,27,2025-06-18 04:51:02
12654,2024,ENG.1,368,310599,18,13,15,12,4,0,0,1,2,0,5,0,0,3,16,2025-06-18 04:50:57
12654,2024,ENG.1,362,310606,0,0,0,0,0,0,0,0,0,0,0,0,0,0,0,2025-02-03 14:45:06
12654,2024,ENG.1,362,310607,8,3,8,11,2,0,0,0,2,1,1,0,0,3,11,2025-06-18 04:50:55
12654,2024,ENG.1,337,310958,38,12,21,38,3,0,0,2,1,27,53,11,0,4,31,2025-06-18 04:50:55
12654,2024,ENG.1,375,310991,30,1,19,18,1,0,1,1,8,1,4,0,0,14,59,2025-06-18 04:50:59
12654,2024,ENG.1,360,311174,0,0,0,0,0,0,0,0,0,0,0,0,0,0,0,2025-06-18 04:51:00
12654,2024,ENG.1,337,311527,2,1,0,0,0,0,0,0,0,0,0,0,13,3,1,2025-06-18 04:50:55
12654,2024,ENG.1,349,312182,16,16,2,4,1,0,0,0,0,2,5,1,0,1,3,2025-06-18 04:50:54
12654,2024,ENG.1,398,312182,1,1,0,0,0,0,0,0,0,0,0,0,0,0,0,2024-07-13 02:49:24
12654,2024,ENG.1,362,312523,0,0,0,0,0,0,0,0,0,0,0,0,0,0,0,2025-06-18 04:50:55
12654,2024,ENG.1,349,314790,20,12,17,26,3,0,0,0,2,6,15,0,0,4,8,2025-06-18 04:50:54
12654,2024,ENG.1,349,315530,32,11,15,19,3,0,0,4,3,19,61,7,0,10,23,2025-06-18 04:50:54
12654,2024,ENG.1,364,315879,0,0,0,0,0,0,0,0,0,0,0,0,0,0,0,2025-06-18 04:50:59
12654,2024,ENG.1,331,317404,29,17,12,4,0,0,0,2,2,8,32,2,0,0,22,2025-06-18 04:50:56
12654,2024,ENG.1,368,317858,0,0,0,0,0,0,0,0,0,0,0,0,0,0,0,2025-06-18 04:50:57
12654,2024,ENG.1,384,318087,4,4,0,0,0,0,0,0,2,3,6,1,0,1,0,2025-06-18 04:50:57
12654,2024,ENG.1,375,318284,31,17,37,35,8,0,0,2,5,12,35,5,0,6,32,2025-06-18 04:50:59
12654,2024,ENG.1,379,318316,16,1,25,16,6,0,0,0,1,0,7,0,0,10,27,2024-07-13 02:49:22
12654,2024,ENG.1,331,318359,2,2,0,0,0,0,0,0,0,0,0,0,0,0,3,2025-06-18 04:50:56
12654,2024,ENG.1,375,318680,11,5,9,20,0,0,0,2,0,5,13,0,0,0,13,2025-06-18 04:50:59
12654,2024,ENG.1,361,319431,14,14,4,1,0,0,0,0,0,1,4,1,0,0,3,2025-06-18 04:51:01
12654,2024,ENG.1,398,319431,21,12,14,12,4,0,0,0,1,7,19,0,0,1,23,2024-07-13 02:49:24
12654,2024,ENG.1,380,319987,5,4,0,1,0,0,0,0,0,0,0,0,0,0,2,2025-06-18 04:51:03
12654,2024,ENG.1,379,320757,34,7,21,39,2,0,0,1,4,21,48,5,0,10,41,2024-07-13 02:49:22
12654,2024,ENG.1,331,320760,0,0,0,0,0,0,0,0,0,0,0,0,0,0,0,2024-08-25 03:37:13
12654,2024,ENG.1,380,320848,31,1,24,15,7,0,0,1,1,2,7,0,0,18,44,2025-06-18 04:51:03
12654,2024,ENG.1,380,321359,1,1,1,0,0,0,0,0,0,0,0,0,0,0,0,2024-08-31 05:00:03
12654,2024,ENG.1,373,322771,31,1,27,46,5,0,0,2,9,16,45,3,0,1,61,2025-06-18 04:50:58
12654,2024,ENG.1,349,323110,38,0,30,50,4,0,0,5,6,4,18,2,0,12,45,2025-06-18 04:50:54
12654,2024,ENG.1,379,323847,13,1,6,4,1,0,1,0,2,4,7,1,0,6,25,2024-07-13 02:49:22
12654,2024,ENG.1,382,323986,11,2,13,5,3,0,0,0,1,3,10,1,0,0,6,2025-06-18 04:51:00
12654,2024,ENG.1,367,324393,6,0,0,0,0,0,0,0,1,0,0,0,85,25,9,2025-06-18 04:51:02
12654,2024,ENG.1,367,325042,13,2,14,16,2,0,0,1,1,9,22,2,0,1,19,2025-06-18 04:51:02
12654,2024,ENG.1,360,325550,0,0,0,0,0,0,0,0,0,0,0,0,0,0,0,2025-06-18 04:51:00
12654,2024,ENG.1,360,325555,36,13,11,44,3,0,0,2,1,28,84,6,0,0,34,2025-06-18 04:51:00
12654,2024,ENG.1,382,325564,28,7,12,34,4,1,0,2,0,2,9,1,0,8,25,2025-06-18 04:51:00
12654,2024,ENG.1,364,326230,0,0,0,0,0,0,0,0,0,0,0,0,0,0,0,2025-06-18 04:50:59
12654,2024,ENG.1,331,328008,0,0,0,0,0,0,0,0,0,0,0,0,0,0,0,2025-02-03 14:45:07
12654,2024,ENG.1,331,328011,26,4,17,9,5,0,0,2,1,10,20,5,0,3,29,2025-06-18 04:50:56
12654,2024,ENG.1,331,328013,1,1,0,0,0,0,0,0,0,0,0,0,0,0,0,2024-08-30 04:58:40
12654,2024,ENG.1,368,328016,1,0,0,0,0,0,0,0,0,0,0,0,0,0,4,2025-06-18 04:50:57
12654,2024,ENG.1,368,328018,0,0,0,0,0,0,0,0,0,0,0,0,0,0,0,2024-08-31 05:00:01
12654,2024,ENG.1,375,328023,0,0,0,0,0,0,0,0,0,0,0,0,0,0,0,2025-01-23 05:30:59
12654,2024,ENG.1,367,328050,28,9,17,11,1,0,1,0,4,2,2,0,0,10,38,2025-06-18 04:51:02
12654,2024,ENG.1,371,328232,1,1,0,0,0,0,0,0,0,0,0,0,0,0,0,2025-06-18 04:51:03
12654,2024,ENG.1,382,328464,9,3,6,4,0,0,0,0,1,3,8,2,0,1,3,2025-06-18 04:51:00
12654,2024,ENG.1,360,328466,25,6,25,22,5,0,0,1,6,2,13,0,0,2,25,2025-06-18 04:51:00
12654,2024,ENG.1,373,330579,11,11,8,3,3,0,0,0,0,0,4,0,0,0,6,2025-01-24 16:52:06
12654,2024,ENG.1,379,332046,14,9,7,3,1,0,0,0,1,2,6,0,0,2,16,2024-07-13 02:49:22
12654,2024,ENG.1,375,333417,0,0,0,0,0,0,0,0,0,0,0,0,0,0,0,2025-06-18 04:50:59
12654,2024,ENG.1,384,333419,20,4,11,21,2,0,0,2,7,5,13,0,0,2,21,2025-06-18 04:50:57
12654,2024,ENG.1,363,336394,0,0,0,0,0,0,0,0,0,0,0,0,0,0,0,2025-02-02 14:45:21
12654,2024,ENG.1,375,336595,32,5,30,13,4,0,0,3,5,6,28,2,0,4,52,2025-06-18 04:50:59
12654,2024,ENG.1,363,337011,7,6,6,1,2,0,0,0,0,1,3,0,0,1,2,2025-01-26 05:33:38
12654,2024,ENG.1,349,337023,0,0,0,0,0,0,0,0,0,0,0,0,0,0,0,2025-06-18 04:50:54
12654,2024,ENG.1,398,337083,12,1,10,11,2,0,1,0,3,2,2,0,0,8,26,2024-07-13 02:49:24
12654,2024,ENG.1,331,338814,34,3,40,48,7,1,0,1,2,10,44,3,0,12,39,2025-06-18 04:50:56
12654,2024,ENG.1,393,338894,36,0,27,6,6,0,0,0,11,5,25,2,0,46,44,2025-06-18 04:51:01
12654,2024,ENG.1,349,339797,3,3,0,1,0,0,0,0,0,0,0,0,0,0,1,2025-06-18 04:50:54
12654,2024,ENG.1,360,340206,21,9,9,2,5,0,0,0,1,1,5,0,0,3,23,2025-06-18 04:51:00
12654,2024,ENG.1,376,340640,33,13,30,50,6,0,0,0,3,9,26,2,0,6,50,2025-06-18 04:51:02
12654,2024,ENG.1,379,341333,15,2,18,14,0,0,0,1,1,5,23,1,0,0,23,2024-07-13 02:49:22
12654,2024,ENG.1,337,342029,31,16,18,13,6,0,0,0,1,2,9,0,0,8,26,2025-06-18 04:50:55
12654,2024,ENG.1,359,343573,0,0,0,0,0,0,0,0,0,0,0,0,0,0,0,2025-06-18 04:50:54
12654,2024,ENG.1,393,344692,31,26,23,23,5,0,0,1,2,7,22,3,0,1,17,2025-06-18 04:51:01
12654,2024,ENG.1,398,345197,1,1,0,0,0,0,0,0,0,0,0,0,0,0,2,2024-07-13 02:49:24
12654,2024,ENG.1,384,345213,0,0,0,0,0,0,0,0,0,0,0,0,0,0,0,2025-06-18 04:50:57
12654,2024,ENG.1,375,345222,0,0,0,0,0,0,0,0,0,0,0,0,0,0,0,2025-02-03 14:45:09
12654,2024,ENG.1,367,345687,16,7,1,3,0,0,0,0,4,4,13,1,0,0,19,2025-06-18 04:51:02
12654,2024,ENG.1,379,345687,29,4,9,19,3,0,0,3,2,15,49,3,0,2,46,2024-07-13 02:49:22
12654,2024,ENG.1,398,346553,0,0,0,0,0,0,0,0,0,0,0,0,0,0,0,2024-07-13 02:49:24
12654,2024,ENG.1,331,346710,0,0,0,0,0,0,0,0,0,0,0,0,0,0,0,2025-06-18 04:50:56
12654,2024,ENG.1,367,346816,0,0,0,0,0,0,0,0,0,0,0,0,0,0,0,2025-06-18 04:51:02
12654,2024,ENG.1,368,346819,4,4,1,1,1,0,0,0,0,0,2,0,0,0,0,2025-06-18 04:50:57
12654,2024,ENG.1,376,346820,36,2,45,55,8,0,0,4,2,14,41,2,0,7,67,2025-06-18 04:51:02
12654,2024,ENG.1,361,346874,0,0,0,0,0,0,0,0,0,0,0,0,0,0,0,2025-01-20 14:29:21
12654,2024,ENG.1,382,346910,1,1,0,0,0,0,0,0,0,0,1,0,0,0,0,2025-06-18 04:51:00
12654,2024,ENG.1,382,347046,0,0,0,0,0,0,0,0,0,0,0,0,0,0,0,2025-06-18 04:51:00
12654,2024,ENG.1,360,347052,2,0,0,2,0,0,0,0,0,0,0,0,0,0,4,2025-06-18 04:51:00
12654,2024,ENG.1,360,347053,0,0,0,0,0,0,0,0,0,0,0,0,0,0,0,2025-06-18 04:51:00
12654,2024,ENG.1,331,347265,0,0,0,0,0,0,0,0,0,0,0,0,0,0,0,2025-06-18 04:50:56
12654,2024,ENG.1,301,347289,2,2,0,0,0,0,0,0,0,0,0,0,0,0,1,2024-07-13 02:49:17
12654,2024,ENG.1,367,348264,1,1,0,0,0,0,0,0,0,0,0,0,0,0,0,2025-01-14 05:28:01
12654,2024,ENG.1,349,348294,0,0,0,0,0,0,0,0,0,0,0,0,0,0,0,2025-06-18 04:50:54
12654,2024,ENG.1,370,348301,2,2,1,0,0,0,0,0,0,0,0,0,0,0,0,2025-06-18 04:50:58
12654,2024,ENG.1,393,348303,0,0,0,0,0,0,0,0,0,0,0,0,0,0,0,2025-06-18 04:51:01
12654,2024,ENG.1,337,348305,1,1,0,0,0,0,0,0,1,0,0,0,0,0,0,2025-02-03 14:45:07
12654,2024,ENG.1,368,348779,0,0,0,0,0,0,0,0,0,0,0,0,0,0,0,2025-06-18 04:50:57
12654,2024,ENG.1,331,348787,32,12,22,11,6,0,0,4,4,15,33,6,0,0,32,2025-06-18 04:50:56
12654,2024,ENG.1,361,348787,2,0,3,0,0,0,0,1,0,0,2,0,0,0,1,2024-08-29 05:01:03
12654,2024,ENG.1,361,349078,14,13,3,1,0,0,0,0,1,2,2,1,0,1,4,2025-06-18 04:51:01
12654,2024,ENG.1,363,349102,0,0,0,0,0,0,0,0,0,0,0,0,0,0,0,2025-06-18 04:50:56
12654,2024,ENG.1,367,349181,3,3,2,0,0,0,0,0,0,0,0,0,0,0,0,2025-02-05 05:35:46
12654,2024,ENG.1,359,349733,26,15,8,5,1,0,0,3,3,7,23,4,0,2,4,2025-06-18 04:50:54
12654,2024,ENG.1,398,350353,20,8,11,9,1,0,0,0,0,2,9,0,0,1,27,2024-07-13 02:49:24
12654,2024,ENG.1,376,350501,2,2,1,2,1,0,0,0,0,0,1,0,0,0,0,2025-02-04 05:29:20
12654,2024,ENG.1,371,350502,15,8,5,3,1,0,0,0,3,0,3,0,0,3,8,2025-06-18 04:51:03
12654,2024,ENG.1,375,350629,0,0,0,0,0,0,0,0,0,0,0,0,0,0,0,2025-06-18 04:50:59
12654,2024,ENG.1,367,350674,0,0,0,0,0,0,0,0,0,0,0,0,0,0,0,2025-06-18 04:51:02
12654,2024,ENG.1,359,350685,0,0,0,0,0,0,0,0,0,0,0,0,0,0,0,2025-02-03 14:45:06
12654,2024,ENG.1,359,351059,0,0,0,0,0,0,0,0,0,0,0,0,0,0,0,2025-06-18 04:50:54
12654,2024,ENG.1,359,351061,0,0,0,0,0,0,0,0,0,0,0,0,0,0,0,2025-06-18 04:50:54
12654,2024,ENG.1,368,351122,0,0,0,0,0,0,0,0,0,0,0,0,0,0,0,2025-06-18 04:50:57
12654,2024,ENG.1,375,351338,1,1,0,0,0,0,0,0,0,0,0,0,0,0,0,2025-06-18 04:50:59
12654,2024,ENG.1,371,351382,2,2,0,0,0,0,0,0,0,0,1,0,0,0,1,2025-06-18 04:51:03
12654,2024,ENG.1,359,352758,23,8,11,47,3,2,0,0,5,1,3,1,0,1,16,2025-06-18 04:50:54
12654,2024,ENG.1,337,352820,1,1,0,0,0,0,0,0,0,0,0,0,0,0,0,2025-01-16 05:36:57
12654,2024,ENG.1,398,353155,0,0,0,0,0,0,0,0,0,0,0,0,0,0,0,2024-07-13 02:49:24
12654,2024,ENG.1,362,353195,0,0,0,0,0,0,0,0,0,0,0,0,0,0,0,2025-02-15 05:42:01
12654,2024,ENG.1,398,354729,1,1,0,0,0,0,0,0,0,0,0,0,0,0,0,2024-07-13 02:49:24
12654,2024,ENG.1,364,354737,1,1,0,0,0,0,0,0,0,0,0,0,0,0,1,2025-02-05 05:35:44
12654,2024,ENG.1,368,355149,0,0,0,0,0,0,0,0,0,0,0,0,0,0,0,2025-06-18 04:50:57
12654,2024,ENG.1,376,355359,4,3,3,1,0,0,0,0,0,1,1,0,0,0,2,2025-06-18 04:51:02
12654,2024,ENG.1,380,355915,0,0,0,0,0,0,0,0,0,0,0,0,0,0,0,2025-06-18 04:51:03
12654,2024,ENG.1,349,356000,32,6,31,10,10,0,0,3,6,3,18,3,0,30,31,2025-06-18 04:50:54
12654,2024,ENG.1,359,356044,0,0,0,0,0,0,0,0,0,0,0,0,0,0,0,2025-02-01 14:45:33
12654,2024,ENG.1,360,356044,4,2,3,4,1,0,0,0,0,0,2,0,0,2,1,2025-06-18 04:51:00
12654,2024,ENG.1,349,356069,0,0,0,0,0,0,0,0,0,0,0,0,0,0,0,2025-06-18 04:50:54
12654,2024,ENG.1,368,356074,0,0,0,0,0,0,0,0,0,0,0,0,0,0,0,2025-06-18 04:50:57
12654,2024,ENG.1,364,356075,0,0,0,0,0,0,0,0,0,0,0,0,0,0,0,2025-06-18 04:50:59
12654,2024,ENG.1,362,356080,7,2,1,0,0,0,0,0,0,0,1,0,0,0,5,2025-06-18 04:50:55
12654,2024,ENG.1,384,356208,7,6,2,3,0,0,0,1,0,1,1,1,0,0,3,2025-06-18 04:50:57
12654,2024,ENG.1,367,356379,27,16,19,17,3,0,0,1,1,2,11,0,0,8,22,2025-06-18 04:51:02
12654,2024,ENG.1,337,356640,12,6,8,3,2,0,0,1,0,0,2,0,0,0,5,2025-06-18 04:50:55
12654,2024,ENG.1,360,356940,5,1,2,4,0,0,0,0,0,0,3,0,0,1,8,2025-06-18 04:51:00
12654,2024,ENG.1,398,356953,0,0,0,0,0,0,0,0,0,0,0,0,0,0,0,2024-07-13 02:49:24
12654,2024,ENG.1,349,357153,0,0,0,0,0,0,0,0,0,0,0,0,0,0,0,2025-06-18 04:50:54
12654,2024,ENG.1,382,357337,2,1,0,1,1,0,0,0,0,0,0,0,0,1,2,2025-06-18 04:51:00
12654,2024,ENG.1,384,357338,0,0,0,0,0,0,0,0,0,0,0,0,0,0,0,2025-06-18 04:50:57
12654,2024,ENG.1,331,357683,21,13,7,12,0,0,0,4,0,4,11,1,0,0,15,2025-06-18 04:50:56
12654,2024,ENG.1,384,358084,2,2,0,0,0,0,0,0,0,0,0,0,0,0,1,2025-06-18 04:50:57
12654,2024,ENG.1,360,358178,0,0,0,0,0,0,0,0,0,0,0,0,0,0,0,2025-06-18 04:51:00
12654,2024,ENG.1,361,358245,0,0,0,0,0,0,0,0,0,0,0,0,0,0,0,2025-06-18 04:51:01
12654,2024,ENG.1,331,358407,0,0,0,0,0,0,0,0,0,0,0,0,0,0,0,2024-08-29 05:01:02
12654,2024,ENG.1,349,358587,0,0,0,0,0,0,0,0,0,0,0,0,0,0,0,2025-06-18 04:50:54
12654,2024,ENG.1,301,358695,0,0,0,0,0,0,0,0,0,0,0,0,0,0,0,2024-07-13 02:49:17
12654,2024,ENG.1,382,361355,1,1,0,0,0,0,0,0,0,0,0,0,0,0,0,2025-06-18 04:51:00
12654,2024,ENG.1,371,361429,12,11,0,4,0,0,0,0,0,1,4,0,0,0,5,2025-06-18 04:51:03
12654,2024,ENG.1,382,361434,1,1,0,0,0,0,0,0,0,0,0,0,0,0,0,2025-06-18 04:51:00
12654,2024,ENG.1,337,362203,3,3,1,0,0,0,0,0,0,0,0,0,0,0,0,2025-06-18 04:50:55
12654,2024,ENG.1,382,362211,6,0,3,3,1,0,1,0,0,1,2,0,0,4,5,2025-06-18 04:51:00
12654,2024,ENG.1,337,362266,0,0,0,0,0,0,0,0,0,0,0,0,0,0,0,2025-06-18 04:50:55
12654,2024,ENG.1,363,363038,3,3,0,0,0,0,0,0,0,0,0,0,0,0,2,2025-06-18 04:50:56
12654,2024,ENG.1,363,363218,0,0,0,0,0,0,0,0,0,0,0,0,0,0,0,2025-06-18 04:50:56
12654,2024,ENG.1,363,364764,1,1,0,0,0,0,0,0,0,0,0,0,0,0,0,2025-06-18 04:50:56
12654,2024,ENG.1,367,365332,10,7,3,7,0,0,0,1,0,0,3,0,0,0,5,2025-06-18 04:51:02
12654,2024,ENG.1,382,365340,0,0,0,0,0,0,0,0,0,0,0,0,0,0,0,2025-02-05 05:35:44
12654,2024,ENG.1,384,365355,0,0,0,0,0,0,0,0,0,0,0,0,0,0,0,2025-06-18 04:50:57
12654,2024,ENG.1,362,365367,5,5,0,1,0,0,0,0,0,0,0,0,0,0,4,2025-02-03 14:45:06
12654,2024,ENG.1,376,365718,2,2,0,0,0,0,0,0,0,0,0,0,0,0,1,2025-06-18 04:51:02
12654,2024,ENG.1,370,365953,0,0,0,0,0,0,0,0,0,0,0,0,0,0,0,2025-06-18 04:50:58
12654,2024,ENG.1,337,366004,3,3,0,0,0,0,0,0,0,0,0,0,0,0,2,2025-06-18 04:50:55
12654,2024,ENG.1,360,366781,12,2,16,28,3,1,0,0,1,2,10,0,0,0,11,2025-06-18 04:51:00
12654,2024,ENG.1,337,366990,10,10,3,1,0,0,0,0,0,0,1,0,0,0,2,2025-06-18 04:50:55
12654,2024,ENG.1,349,367000,1,1,0,0,0,0,0,0,0,0,0,0,0,0,0,2025-06-18 04:50:54
12654,2024,ENG.1,363,367001,0,0,0,0,0,0,0,0,0,0,0,0,0,0,0,2025-06-18 04:50:56
12654,2024,ENG.1,337,367447,0,0,0,0,0,0,0,0,0,0,0,0,0,0,0,2025-06-18 04:50:55
12654,2024,ENG.1,380,367550,0,0,0,0,0,0,0,0,0,0,0,0,0,0,0,2025-06-18 04:51:03
12654,2024,ENG.1,363,368317,4,2,0,1,1,0,0,0,0,0,2,0,0,0,3,2025-06-18 04:50:56
12654,2024,ENG.1,360,368547,0,0,0,0,0,0,0,0,0,0,0,0,0,0,0,2025-01-26 05:33:41
12654,2024,ENG.1,337,368826,0,0,0,0,0,0,0,0,0,0,0,0,0,0,0,2025-06-18 04:50:55
12654,2024,ENG.1,363,368864,8,7,2,0,1,0,0,1,0,1,3,1,0,0,0,2025-06-18 04:50:56
12654,2024,ENG.1,373,369482,0,0,0,0,0,0,0,0,0,0,0,0,0,0,0,2025-06-18 04:50:58
12654,2024,ENG.1,301,369503,0,0,0,0,0,0,0,0,0,0,0,0,0,0,0,2024-07-13 02:49:17
12654,2024,ENG.1,362,369870,0,0,0,0,0,0,0,0,0,0,0,0,0,0,0,2025-06-18 04:50:55
12654,2024,ENG.1,360,369884,0,0,0,0,0,0,0,0,0,0,0,0,0,0,0,2025-06-18 04:51:00
12654,2024,ENG.1,367,371578,0,0,0,0,0,0,0,0,0,0,0,0,0,0,0,2025-01-30 14:43:02
12654,2024,ENG.1,331,371698,0,0,0,0,0,0,0,0,0,0,0,0,0,0,0,2025-06-18 04:50:56
12654,2024,ENG.1,375,371701,1,1,0,0,0,0,0,0,0,0,0,0,0,0,0,2025-06-18 04:50:59
12654,2024,ENG.1,363,372013,1,1,0,0,0,0,0,0,0,1,1,0,0,0,0,2025-06-18 04:50:56
12654,2024,ENG.1,367,372016,0,0,0,0,0,0,0,0,0,0,0,0,0,0,0,2025-06-18 04:51:02
12654,2024,ENG.1,382,372017,0,0,0,0,0,0,0,0,0,0,0,0,0,0,0,2025-06-18 04:51:00
12654,2024,ENG.1,331,372020,0,0,0,0,0,0,0,0,0,0,0,0,0,0,0,2025-06-18 04:50:56
12654,2024,ENG.1,393,372025,2,2,0,0,0,0,0,0,0,0,0,0,0,0,0,2025-06-18 04:51:01
12654,2024,ENG.1,360,372068,0,0,0,0,0,0,0,0,0,0,0,0,0,0,0,2025-06-18 04:51:00
12654,2024,ENG.1,364,373758,0,0,0,0,0,0,0,0,0,0,0,0,0,0,0,2025-06-18 04:50:59
12654,2024,ENG.1,331,374056,0,0,0,0,0,0,0,0,0,0,0,0,0,0,0,2025-06-18 04:50:56
12654,2024,ENG.1,380,374126,0,0,0,0,0,0,0,0,0,0,0,0,0,0,0,2025-06-18 04:51:03
12654,2024,ENG.1,361,374219,0,0,0,0,0,0,0,0,0,0,0,0,0,0,0,2025-06-18 04:51:01
12654,2024,ENG.1,363,374221,0,0,0,0,0,0,0,0,0,0,0,0,0,0,0,2025-06-18 04:50:56
12654,2024,ENG.1,360,375738,7,6,3,1,1,0,0,0,0,1,5,0,0,0,4,2025-06-18 04:51:00
12654,2024,ENG.1,380,376489,3,2,1,1,0,0,0,0,0,1,1,0,0,0,2,2025-06-18 04:51:03
12654,2024,ENG.1,362,377820,0,0,0,0,0,0,0,0,0,0,0,0,0,0,0,2025-06-18 04:50:55
12654,2024,ENG.1,359,378457,0,0,0,0,0,0,0,0,0,0,0,0,0,0,0,2025-06-18 04:50:54
12654,2024,ENG.1,368,378458,3,3,2,2,1,0,0,0,1,0,1,0,0,0,1,2025-02-03 14:45:08
12654,2024,ENG.1,331,378530,1,1,0,0,0,0,0,0,0,0,0,0,0,0,0,2025-06-18 04:50:56
12654,2024,ENG.1,371,380182,0,0,0,0,0,0,0,0,0,0,0,0,0,0,0,2025-06-18 04:51:03
12654,2024,ENG.1,380,380196,1,1,0,0,0,0,0,0,0,0,0,0,0,0,0,2025-06-18 04:51:03
12654,2024,ENG.1,398,380658,0,0,0,0,0,0,0,0,0,0,0,0,0,0,0,2024-07-13 02:49:24
12654,2024,ENG.1,384,380716,2,2,0,0,0,0,0,0,0,0,1,0,0,0,0,2025-01-12 05:32:25
12654,2024,ENG.1,398,380899,0,0,0,0,0,0,0,0,0,0,0,0,0,0,0,2024-07-13 02:49:24
12654,2024,ENG.1,301,381572,0,0,0,0,0,0,0,0,0,0,0,0,0,0,0,2024-07-13 02:49:17
12654,2024,ENG.1,301,383168,0,0,0,0,0,0,0,0,0,0,0,0,0,0,0,2024-07-13 02:49:17
12654,2024,ENG.1,398,384109,0,0,0,0,0,0,0,0,0,0,0,0,0,0,0,2024-07-13 02:49:24
12654,2024,ENG.1,367,386200,0,0,0,0,0,0,0,0,0,0,0,0,0,0,0,2025-01-08 05:35:25
12654,2024,ENG.1,337,387784,0,0,0,0,0,0,0,0,0,0,0,0,0,0,0,2025-06-18 04:50:55
12654,2024,ENG.1,337,387787,0,0,0,0,0,0,0,0,0,0,0,0,0,0,0,2025-01-23 05:30:56
12654,2024,ENG.1,375,389329,7,7,0,5,0,0,0,0,0,1,3,0,0,2,3,2025-06-18 04:50:59
12654,2024,ENG.1,359,390095,0,0,0,0,0,0,0,0,0,0,0,0,0,0,0,2025-06-18 04:50:54
12654,2024,ENG.1,376,390475,0,0,0,0,0,0,0,0,0,0,0,0,0,0,0,2025-06-18 04:51:02
12654,2024,ENG.1,376,390476,0,0,0,0,0,0,0,0,0,0,0,0,0,0,0,2025-05-13 04:45:56
12654,2024,ENG.1,359,392659,0,0,0,0,0,0,0,0,0,0,0,0,0,0,0,2025-06-18 04:50:54
12654,2024,ENG.1,360,393747,0,0,0,0,0,0,0,0,0,0,0,0,0,0,0,2025-06-18 04:51:00
12654,2024,ENG.1,367,395939,0,0,0,0,0,0,0,0,0,0,0,0,0,0,0,2025-01-08 05:35:25
12654,2024,ENG.1,367,396748,0,0,0,0,0,0,0,0,0,0,0,0,0,0,0,2025-06-18 04:51:02
12654,2024,ENG.1,349,397213,4,4,0,1,0,0,0,0,0,0,0,0,0,0,0,2025-06-18 04:50:54
12654,2024,ENG.1,349,398103,0,0,0,0,0,0,0,0,0,0,0,0,0,0,0,2025-06-18 04:50:54
12654,2024,ENG.1,349,398123,1,1,0,0,0,0,0,0,0,0,0,0,0,0,0,2025-06-18 04:50:54
12654,2024,ENG.1,373,401157,0,0,0,0,0,0,0,0,0,0,0,0,0,0,0,2025-06-18 04:50:58
